id,ExpAA,PredHel
P56817,31.36,1.0
P15291,18.93,1.0
Q8NHY0,23.57,1.0
P55287,25.82,1.0
Q6UXQ4,18.56,1.0
Q96JN2,18.54,1.0
Q15878,444.02,19.0
Q9H5V8,36.84,1.0
O00421,142.08,6.0
P48509,91.44,4.0
A6NJW9,23.23,1.0
Q07065,21.26,1.0
Q9GZY4,22.19,1.0
P05181,22.03,1.0
P98187,25.62,1.0
Q5TCH4,22.61,1.0
Q8N144,86.83,4.0
O96002,45.21,2.0
P00156,196.88,9.0
Q9H112,15.9,1.0
O94985,30.35,1.0
P07306,21.53,1.0
Q9P241,231.14,11.0
O60756,18.19,1.0
Q00975,466.02,21.0
Q9H7X2,21.53,1.0
P51686,152.76,7.0
P31358,40.49,2.0
P21854,22.51,1.0
Q8IU89,118.15,5.0
P20273,18.93,1.0
P26842,25.38,1.0
Q9BXN2,22.57,1.0
Q9UGN4,23.09,1.0
Q9H6B4,23.33,1.0
Q96KA5,124.35,6.0
Q16850,29.34,1.0
P19021,28.42,1.0
Q9UKJ8,44.74,2.0
O94910,170.31,8.0
P17213,21.6,1.0
Q8NI28,23.6,1.0
P11836,87.44,4.0
Q9NPF2,21.55,1.0
P51681,140.81,6.0
P21554,159.14,7.0
P42081,41.01,2.0
Q6UXZ3,23.35,1.0
Q08708,41.07,2.0
Q9H8M5,91.57,4.0
Q8NE01,77.52,3.0
Q7Z407,44.04,2.0
O94886,226.65,11.0
Q96PZ7,40.29,2.0
Q05707,20.18,1.0
Q8NFK1,78.02,3.0
Q6NUT2,213.62,9.0
Q6NUS8,42.0,2.0
Q9P2U7,242.21,12.0
O95183,22.87,1.0
Q9Y487,146.26,6.0
P47901,154.74,7.0
Q9P0L0,20.56,1.0
Q5GH77,197.18,9.0
Q9GZM5,109.84,5.0
A6NJY4,45.55,2.0
Q9H8X9,105.25,5.0
Q9ULT6,22.36,1.0
Q9C0B5,89.57,4.0
Q8WWF5,20.3,1.0
Q07837,22.9,1.0
Q8WWF3,21.28,1.0
P0DKX4,22.88,1.0
P32856,22.52,1.0
Q9UKZ4,22.3,1.0
P51864,18.48,1.0
P13385,19.92,1.0
B3SHH9,92.34,4.0
P59542,156.53,7.0
Q9NPI0,82.95,4.0
Q9Y3B3,23.85,1.0
Q9BTX3,68.09,3.0
Q6ZNR0,45.75,2.0
A6NFC5,84.37,3.0
A8MYB1,22.35,1.0
Q9H330,305.23,14.0
O60603,21.65,1.0
A0PK05,83.36,4.0
Q9NYZ1,73.81,3.0
Q9Y5S1,132.99,6.0
Q8TD43,116.12,5.0
Q6ZN44,39.74,1.0
Q9Y2C2,20.68,1.0
O14607,18.84,1.0
Q9UEU0,21.76,1.0
Q92667,19.8,1.0
Q5VUY0,36.8,2.0
Q75V66,179.96,8.0
O75882,26.26,1.0
P04920,244.81,11.0
O43286,23.12,1.0
O60512,18.87,1.0
Q16581,156.28,7.0
P51790,240.69,11.0
P78369,87.34,4.0
Q9NQW8,99.43,4.0
Q8TBE1,65.26,3.0
Q9HBJ8,23.2,1.0
Q6P4Q7,94.38,4.0
P14060,20.61,1.0
P22760,23.17,1.0
A5X5Y0,88.94,4.0
Q8TDX5,19.2,1.0
Q15758,199.16,9.0
Q8NFM4,256.08,12.0
Q5BKT4,236.22,11.0
O14791,43.39,2.0
P17342,34.55,1.0
Q8NHW4,20.92,1.0
Q9Y426,22.96,1.0
A8MXV6,22.72,1.0
P15813,22.9,1.0
P10747,23.46,1.0
Q9UJ71,21.02,1.0
Q8IZF2,159.9,7.0
Q6UXC1,25.9,1.0
P01160,9.78,1.0
Q07812,20.78,1.0
Q96Q91,239.73,11.0
P0DN25,33.98,1.0
Q9NPY3,23.24,1.0
Q9NYQ6,163.45,7.0
O75976,36.25,1.0
O43916,17.33,1.0
Q7LGC8,17.55,1.0
P06729,23.18,1.0
Q7L1S5,22.83,1.0
Q8WWZ4,314.06,14.0
Q8WU67,31.07,1.0
P08173,157.29,7.0
P28223,159.65,7.0
P30939,152.27,7.0
Q9BZ11,33.32,1.0
Q8IZF3,156.84,7.0
Q9BY15,157.74,7.0
P55087,134.88,6.0
Q32M45,176.59,7.0
Q9Y284,33.08,1.0
Q13948,21.71,1.0
P22223,22.62,1.0
Q8N8Q1,131.16,6.0
Q8TCZ2,29.15,1.0
F5H4A9,39.48,1.0
P78325,24.35,1.0
P51828,249.5,12.0
Q96F25,41.11,1.0
P41181,131.78,6.0
Q16853,23.17,1.0
Q8WXF7,42.9,2.0
P54710,21.14,1.0
P35613,40.02,2.0
P48751,242.06,11.0
O75752,21.61,1.0
Q9UBN1,91.28,4.0
Q9ULB4,23.93,1.0
O75871,23.56,1.0
Q07001,90.7,4.0
P21589,34.51,2.0
Q8IYS0,22.65,1.0
Q16720,180.29,6.0
O43861,228.21,9.0
P56378,17.64,1.0
Q3B7T3,22.99,1.0
P50895,22.91,1.0
Q8NFU1,106.31,5.0
Q96G97,51.08,2.0
Q9Y2C3,20.89,1.0
O43497,423.37,17.0
Q9UJ99,36.52,1.0
Q8N126,31.37,1.0
Q8N2K0,22.46,1.0
P35414,156.41,7.0
Q8TF62,204.78,9.0
Q9Y5Z6,19.48,1.0
Q6UWJ8,38.55,2.0
Q07817,19.17,1.0
P49913,22.5,1.0
Q12864,24.58,1.0
P02746,17.89,1.0
Q9GZT6,21.46,1.0
P20963,21.58,1.0
P20138,22.82,1.0
O43529,21.66,1.0
P32248,158.04,7.0
Q9UNQ0,142.28,6.0
Q9H0P0,22.85,1.0
P29274,158.5,7.0
Q9BT22,27.39,1.0
Q96PS8,128.21,5.0
Q5FYA8,47.55,2.0
Q8WWX0,21.95,1.0
Q9HD20,188.72,7.0
O43505,21.84,1.0
O95180,403.45,15.0
Q10588,20.71,1.0
Q9BXJ1,20.38,1.0
Q9ULX7,22.26,1.0
P51164,22.85,1.0
Q9BWV1,23.44,1.0
P02730,247.9,11.0
Q92843,23.77,1.0
Q9BRK5,19.61,1.0
P13569,241.52,11.0
Q8WXG9,170.83,7.0
O14525,50.07,2.0
Q3KR37,22.69,1.0
O00478,35.23,1.0
Q16611,28.44,1.0
O95415,38.7,2.0
Q96PB1,284.08,12.0
Q9BXT2,90.04,4.0
P32238,155.86,7.0
Q3MIR4,55.85,2.0
Q9H9P2,27.03,1.0
A8MTT3,19.42,1.0
P57105,22.35,1.0
Q86WS5,18.26,1.0
Q7Z5A9,19.49,1.0
Q9NYW3,153.22,7.0
A0A286YF58,89.37,4.0
Q9BVT8,64.04,3.0
Q9BSN7,88.92,4.0
Q8WUH6,43.48,2.0
P61812,20.83,1.0
Q8IWB9,40.98,2.0
P07204,24.2,1.0
O94826,34.41,2.0
Q92956,27.3,1.0
O95857,88.03,4.0
Q9BZM5,31.35,1.0
A6NNY8,18.61,1.0
Q86UV5,15.37,1.0
Q8TDU5,109.09,5.0
Q99437,114.3,5.0
Q9Y279,22.78,1.0
Q9GZT5,20.63,1.0
Q9ULC8,89.04,4.0
Q13291,44.6,2.0
A6NJY1,139.53,5.0
P0C672,83.36,3.0
P22309,40.8,2.0
Q9UBH6,137.59,6.0
Q9UBV4,23.08,1.0
Q8IWU4,131.11,6.0
P60852,42.4,2.0
Q6UW78,22.7,1.0
Q8NBZ7,19.19,1.0
Q96CC6,142.9,6.0
O00237,83.9,4.0
Q8WVZ7,25.1,1.0
Q9Y225,23.2,1.0
P31639,304.77,14.0
Q9HAS3,252.98,12.0
P18405,86.3,4.0
Q9Y6R1,235.71,9.0
Q9HBR0,210.88,9.0
Q9Y6M7,242.14,11.0
O60279,26.15,1.0
Q1AE95,21.58,1.0
Q8NH08,150.6,7.0
Q8NH49,150.07,6.0
Q9NZP2,151.09,7.0
Q8NHB7,141.45,5.0
Q8NH83,145.99,6.0
P58182,147.79,7.0
Q8NGC7,166.45,7.0
Q8NH69,148.5,7.0
Q8NG77,137.46,7.0
Q8NHC7,149.56,7.0
Q8NGL2,151.26,8.0
Q8NG76,140.6,7.0
Q8NH61,172.83,8.0
Q8NH09,139.19,5.0
Q7RTM1,208.22,8.0
P51582,133.9,6.0
Q86UW2,21.66,1.0
Q9P1Q5,154.42,7.0
Q6ZVX9,155.63,6.0
Q5VY43,22.77,1.0
Q8NEN9,21.53,1.0
Q3KNS1,175.24,8.0
P04843,21.31,1.0
P04844,80.97,4.0
O43567,28.82,1.0
Q9H156,23.28,1.0
Q14940,244.58,10.0
Q13530,231.21,11.0
A6NGW2,22.43,1.0
Q14849,75.8,3.0
Q8IXB3,45.58,2.0
Q6XYQ8,22.76,1.0
P59551,154.63,7.0
Q71RG4,67.19,3.0
Q9BTD3,129.36,6.0
Q15256,25.72,1.0
Q6NUK4,58.13,3.0
O95980,19.95,1.0
P18577,253.09,12.0
Q8TEB9,72.72,2.0
P58872,134.73,6.0
Q9BYT1,215.59,9.0
Q70HW3,75.75,3.0
P23975,264.44,12.0
Q504Y0,152.49,7.0
P60059,22.13,1.0
P0C7Q5,155.84,7.0
Q76EJ3,174.59,8.0
Q9NP91,268.56,12.0
Q9Y286,23.15,1.0
A0A1B0GVV1,21.69,1.0
Q16585,23.32,1.0
Q16586,22.72,1.0
Q5TF21,25.78,1.0
P30825,301.81,14.0
Q9Y5Y6,22.99,1.0
Q8TBG9,87.35,4.0
Q9P0T7,22.89,1.0
Q99595,34.01,1.0
Q9NW97,44.6,2.0
Q8WUU8,44.13,2.0
Q86YD3,23.03,1.0
Q96B77,40.96,2.0
Q3KNT9,26.63,1.0
Q5SV17,44.22,2.0
Q96DA6,19.15,1.0
Q5SWH9,97.11,4.0
B4DJY2,45.78,2.0
Q6ZRR5,129.95,6.0
A0A087WTH1,45.16,2.0
Q8N6K0,22.87,1.0
Q71RH2,128.88,4.0
Q9NP84,37.54,2.0
Q96ET8,55.74,2.0
Q5JQD4,20.21,1.0
O75192,21.43,1.0
P21453,156.74,7.0
Q92504,152.43,7.0
O00337,259.5,12.0
O76082,237.5,12.0
Q8N755,88.18,4.0
Q8N413,72.21,3.0
Q2Y0W8,240.87,11.0
Q9NQ36,21.4,1.0
Q9Y6D0,21.98,1.0
Q9BWM7,66.7,1.0
Q9UQD0,489.0,19.0
Q9UPU3,23.32,1.0
Q8NFT2,130.31,6.0
Q8N205,22.63,1.0
Q9BVX2,44.65,2.0
Q5T4T1,68.31,3.0
Q96RJ0,147.79,7.0
Q9NVV0,85.91,4.0
A6NML5,98.42,4.0
P10586,33.45,1.0
Q04671,252.67,12.0
Q8IUW5,44.77,2.0
Q9BRK0,45.33,2.0
Q9ULK6,43.26,2.0
Q15005,44.07,2.0
Q9NQ25,23.13,1.0
Q9BZZ2,22.73,1.0
Q96A28,20.5,1.0
Q8IVW8,242.76,11.0
Q5VXT5,84.99,4.0
Q7Z7G0,16.01,1.0
P59538,137.04,6.0
P0DTE0,156.58,7.0
Q7RTY8,23.39,1.0
P50591,22.84,1.0
Q9H0V1,217.21,9.0
Q6UXP3,37.33,2.0
Q24JQ0,173.0,8.0
Q9Y2Y6,23.07,1.0
Q9ULQ1,254.1,12.0
A0A5B9,22.0,1.0
Q8N2E6,17.98,1.0
O43676,16.42,1.0
Q15761,157.06,7.0
Q8NFZ4,22.47,1.0
Q8NH37,149.64,7.0
Q8NGC6,156.52,7.0
Q6IFG1,154.79,7.0
Q8NH51,162.2,6.0
P0C628,159.97,8.0
O76002,142.24,7.0
Q8NGS2,150.4,7.0
Q8NH94,154.74,7.0
Q99946,45.82,2.0
P49810,173.36,9.0
Q8NC24,23.01,1.0
Q96HR9,56.94,2.0
Q6NUM9,36.83,1.0
Q9BUV8,52.56,2.0
P08922,39.78,1.0
Q9NY15,59.52,2.0
Q13308,39.83,2.0
O14957,21.63,1.0
O75787,30.12,1.0
Q6NTF9,106.81,5.0
P43007,200.61,9.0
Q8IY34,255.91,12.0
Q9Y2B1,22.26,1.0
Q96H78,65.55,1.0
Q8NBW4,240.25,11.0
Q6ZUB0,21.08,1.0
P0C7Q6,175.69,8.0
Q9BZJ4,88.8,2.0
Q7Z2H8,227.49,11.0
Q8NFY4,24.24,1.0
Q9Y274,28.36,1.0
A6NCI5,23.19,1.0
Q9H173,17.93,1.0
Q8NDV1,28.84,1.0
Q9H4F1,23.72,1.0
H3BR10,43.43,2.0
Q92581,251.14,12.0
B9EJG8,130.56,6.0
Q9H7F4,166.53,7.0
Q6NUS6,17.77,1.0
Q5T7P8,23.01,1.0
Q7RTR8,155.98,7.0
Q9BVC6,105.01,5.0
Q6UWW9,46.27,2.0
Q15262,42.0,2.0
Q9UMZ3,22.53,1.0
Q9Y3P4,88.4,4.0
Q96MS0,20.82,1.0
Q9BRL7,75.4,4.0
Q6ZMH5,145.3,6.0
P48067,266.43,12.0
Q6UXD5,22.53,1.0
A0A1B0GVY4,20.43,1.0
A0A1B0GVT2,22.09,1.0
Q4G0T1,34.73,1.0
Q6ZMD2,241.68,11.0
P14410,21.51,1.0
P43307,36.22,1.0
Q96CE8,91.22,4.0
P59537,137.81,6.0
O43508,23.29,1.0
O75069,39.72,2.0
Q5TGY1,70.9,3.0
P0CF51,22.52,1.0
O76036,19.63,1.0
O60906,61.82,3.0
P58181,153.82,7.0
Q8NH01,157.08,7.0
A6NIJ9,145.5,7.0
Q8NGT0,154.15,7.0
O15547,41.82,1.0
Q8NGB6,141.7,6.0
Q8NH80,150.87,7.0
Q8NGD4,143.69,7.0
Q9Y4A9,159.28,7.0
Q8NGX1,155.89,7.0
Q8NH54,151.77,7.0
Q7Z3T1,155.23,7.0
Q13370,107.98,5.0
Q96QZ0,80.89,2.0
Q9NTG1,293.0,13.0
O60683,24.67,1.0
P78562,21.46,1.0
Q96FX8,90.51,4.0
P35408,136.47,6.0
Q8N4L2,42.63,2.0
Q9Y6A1,243.18,12.0
P49683,156.66,7.0
O75845,86.79,3.0
Q96JW4,220.43,10.0
P50443,202.66,9.0
P0CK97,61.36,3.0
Q6PIV7,69.84,2.0
P58743,216.38,10.0
Q9BYH1,26.07,1.0
A4D0T7,40.24,2.0
Q4W5P6,22.76,1.0
Q96LC7,22.11,1.0
Q496J9,258.58,12.0
P30532,92.45,4.0
O60242,170.39,8.0
Q9NW15,177.88,8.0
Q03135,27.87,1.0
Q6UXB4,22.6,1.0
Q8WXI8,22.41,1.0
Q8TEF2,27.01,1.0
A4D0V7,22.24,1.0
Q13324,153.32,7.0
P34998,151.5,7.0
Q8NEA5,33.88,2.0
Q96A83,19.46,1.0
P04839,113.74,4.0
Q8NBI2,134.77,6.0
Q5T7M9,21.88,1.0
P13765,22.06,1.0
O75923,22.98,1.0
P12821,21.69,1.0
Q86SJ2,24.0,1.0
Q9NUN7,140.33,6.0
O75078,33.55,1.0
P56134,21.42,1.0
Q8NHH9,43.18,2.0
P08236,19.21,1.0
A6NFR6,22.11,1.0
P16070,24.71,1.0
P08962,91.44,4.0
Q9HCU0,22.89,1.0
A6H8M9,21.92,1.0
Q9UBR5,86.34,4.0
Q6NUJ2,22.94,1.0
O75503,18.01,1.0
P00414,136.14,6.0
Q5KU26,22.26,1.0
P78329,26.06,1.0
Q9BXS0,17.47,1.0
Q6UVK1,24.29,1.0
P32297,89.33,4.0
Q9H2U9,22.41,1.0
Q08462,256.65,12.0
Q8N2F6,21.18,1.0
Q96BI3,155.55,7.0
O15033,20.19,1.0
Q9NZS9,72.0,3.0
P62952,41.26,2.0
P33681,32.95,1.0
Q96M19,45.1,2.0
P51797,219.53,7.0
Q8NCR9,90.5,4.0
Q96H96,135.87,6.0
P20815,45.36,2.0
Q13323,22.73,1.0
P12643,17.15,1.0
Q8N1M1,90.79,4.0
Q9NS00,22.02,1.0
Q96EU7,19.59,1.0
O43825,22.87,1.0
Q76KP1,21.81,1.0
Q86UP0,24.61,1.0
Q9H251,36.65,1.0
P51677,156.36,7.0
Q6ZTQ4,28.78,1.0
Q9UBY8,131.12,5.0
Q8N326,23.95,1.0
P51795,225.23,9.0
Q8NHS1,85.08,4.0
P07358,16.46,1.0
P20853,26.28,1.0
P20023,38.08,1.0
P13584,23.03,1.0
Q6VVX0,29.02,1.0
Q8N118,20.7,1.0
Q9HBI6,34.52,1.0
Q9HB55,84.16,3.0
Q6UWD8,22.38,1.0
P04118,17.69,1.0
Q9NTQ9,87.44,4.0
O00763,15.0,1.0
Q16671,23.34,1.0
O95573,24.19,1.0
P58335,35.28,1.0
P05496,46.73,2.0
Q9UF02,89.41,4.0
P30988,154.83,7.0
Q16663,15.85,1.0
P56539,26.64,1.0
Q8IUN9,22.05,1.0
Q496F6,22.22,1.0
P51800,215.62,10.0
P56747,106.68,5.0
P11509,22.69,1.0
Q9HC73,43.01,2.0
Q6V0L0,31.35,1.0
P09603,22.88,1.0
Q8IUA7,313.98,14.0
Q15822,89.86,4.0
Q92685,172.0,7.0
Q6UW56,25.77,1.0
P16615,192.05,8.0
O75173,22.35,1.0
Q12983,20.9,1.0
P35070,44.44,2.0
Q9UBV7,20.1,1.0
O60513,22.29,1.0
P11049,92.8,4.0
Q9H2A9,20.6,1.0
Q8TDQ1,29.64,1.0
O96005,107.63,5.0
O75629,17.76,1.0
P82279,37.54,2.0
P11229,154.23,7.0
P15144,22.5,1.0
Q9NTI2,191.46,7.0
P27037,29.3,1.0
Q06055,46.75,2.0
Q9UHQ4,63.0,3.0
Q9C0B6,20.86,1.0
Q9H159,21.69,1.0
P41180,156.45,7.0
Q8NFZ8,23.8,1.0
Q8IZV2,88.67,4.0
O95476,21.16,1.0
O15551,89.43,4.0
Q8IV77,94.05,3.0
P56880,92.6,4.0
Q9P003,66.19,3.0
Q92482,134.7,6.0
Q15041,84.44,4.0
Q12797,22.79,1.0
Q13873,22.78,1.0
P36894,30.9,1.0
P51572,62.4,3.0
Q86VB7,44.03,2.0
O60359,90.42,4.0
Q8IVY1,22.48,1.0
P51671,17.03,1.0
Q9BWL3,22.0,1.0
Q9NYQ7,149.1,6.0
Q7Z692,33.53,1.0
P32970,22.39,1.0
Q8WVX3,20.99,1.0
P15812,22.93,1.0
Q13231,19.23,1.0
Q9BZW8,22.69,1.0
Q9UMR7,22.57,1.0
Q9UQC9,26.99,1.0
Q5QGZ9,23.11,1.0
O95832,89.52,4.0
Q9H222,128.0,5.0
Q6P4H8,20.93,1.0
Q6UXG8,22.73,1.0
O94766,30.79,1.0
Q9Y2A9,19.73,1.0
Q9UBX8,23.25,1.0
O60909,22.49,1.0
P55285,23.01,1.0
Q8NEQ5,22.96,1.0
Q8IU99,79.29,3.0
P09693,40.17,2.0
Q9Y6K0,172.17,8.0
Q9BYT9,191.17,8.0
Q8WXH4,23.36,1.0
O43520,208.43,10.0
P19022,23.35,1.0
O00626,17.3,1.0
Q96HA4,22.48,1.0
Q15517,16.55,1.0
P13688,23.29,1.0
Q9HA82,121.13,5.0
Q5VXU3,18.4,1.0
Q6UVW9,23.31,1.0
Q8N1N0,19.11,1.0
P08195,22.65,1.0
P02708,88.19,4.0
Q96SE0,39.47,2.0
P37023,24.92,1.0
P18089,156.87,7.0
P13637,185.77,8.0
Q9UH62,21.9,1.0
Q13410,23.25,1.0
Q9P2W7,19.89,1.0
Q9HD36,19.12,1.0
O60840,451.87,19.0
A0A1B0GVN3,22.59,1.0
P33151,43.63,2.0
Q96NF6,22.7,1.0
Q01151,20.88,1.0
P09564,23.43,1.0
P06126,22.46,1.0
Q8IZ96,85.49,4.0
Q9NWW5,134.63,7.0
O75829,22.81,1.0
P11230,87.51,4.0
Q6QNK2,160.28,7.0
Q9UKQ2,22.62,1.0
O14672,24.76,1.0
O14514,160.34,7.0
Q9BVK2,224.76,10.0
Q96LR9,64.54,3.0
Q96A26,18.96,1.0
P57679,21.97,1.0
Q96P31,22.51,1.0
P11362,32.11,1.0
P31513,23.39,1.0
Q8TED4,250.46,11.0
Q6P4F1,21.61,1.0
Q02742,19.38,1.0
P78334,78.08,4.0
P28476,86.39,4.0
P34903,93.52,4.0
Q8NCW6,21.75,1.0
Q9P1Z3,91.91,1.0
Q6PXP3,252.15,12.0
Q8TCT9,156.09,7.0
P04035,112.35,5.0
P27930,24.19,1.0
Q5VV43,23.02,1.0
P23276,21.19,1.0
Q12918,20.32,1.0
O00180,117.43,5.0
Q86UK5,45.48,2.0
O75473,158.07,7.0
Q9Y6C7,18.55,1.0
Q96Q04,56.3,3.0
Q9Y691,44.7,2.0
Q9H1C0,156.56,7.0
Q8NHL6,22.95,1.0
Q8N4S9,119.91,6.0
P21757,22.34,1.0
Q9BQD7,20.45,1.0
Q7Z3C6,113.61,5.0
Q9UFP1,17.2,1.0
P58550,39.3,2.0
A9Z1Z3,26.09,1.0
Q9NPG1,177.21,8.0
O60383,19.01,1.0
Q9NS67,157.14,7.0
Q9BZJ6,156.98,7.0
P49685,148.6,7.0
Q13255,147.08,7.0
Q9Y2T6,156.12,7.0
Q6IC98,55.04,2.0
Q96CH1,131.91,5.0
Q8IXK2,18.94,1.0
Q49A17,19.73,1.0
P30968,151.02,7.0
P30550,153.94,7.0
O60741,101.61,2.0
Q04756,17.24,1.0
Q6UXD1,22.7,1.0
K9M1U5,19.4,1.0
P05362,23.27,1.0
O15503,105.09,5.0
Q1W4C9,18.3,1.0
Q8TDN2,83.53,3.0
Q96MU8,22.45,1.0
Q7Z4F1,19.05,1.0
O00453,22.7,1.0
Q9HBW0,146.09,6.0
Q9Y2U8,46.41,2.0
Q86YJ5,44.77,2.0
P21145,88.7,4.0
P32245,152.62,7.0
Q9GZY8,16.17,1.0
Q6N075,228.43,10.0
Q8NCK7,248.95,12.0
P53985,242.64,11.0
Q5UCC4,22.88,1.0
P54851,89.94,4.0
Q9UNN8,22.78,1.0
P00533,42.3,2.0
Q96BQ1,22.23,1.0
Q8IYD8,17.79,1.0
P24390,111.95,4.0
O00519,22.61,1.0
Q9H9S5,20.51,1.0
P15328,27.23,1.0
Q10472,21.01,1.0
Q86SF2,22.05,1.0
Q9H3Q3,21.11,1.0
Q6PRD1,145.61,6.0
P22732,269.2,12.0
Q5VTY9,240.4,8.0
Q95460,20.49,1.0
Q96BM0,61.71,3.0
Q86YT9,22.45,1.0
Q8IZU9,23.17,1.0
Q3LI61,20.51,1.0
Q3LI62,16.93,1.0
O14649,125.86,5.0
O95279,129.68,6.0
Q14654,56.93,2.0
Q15842,50.58,2.0
Q8N370,258.94,12.0
Q9GIP4,53.19,2.0
P32004,23.32,1.0
Q86UE4,23.07,1.0
Q07954,23.19,1.0
Q96AG4,21.16,1.0
Q9NQG6,18.94,1.0
P12872,17.64,1.0
Q96LA9,156.47,7.0
P45844,149.53,7.0
Q04844,86.79,4.0
Q9NPC4,22.85,1.0
P43005,195.07,8.0
Q92838,18.17,1.0
O15520,21.38,1.0
Q9Y3D6,22.94,1.0
O95750,20.54,1.0
Q01362,86.95,4.0
P47211,155.25,7.0
Q8N9F7,43.2,2.0
Q5T848,138.17,6.0
Q5VW38,136.44,7.0
Q14439,154.2,7.0
Q5T6X5,165.14,7.0
P48058,88.92,4.0
Q86XS8,45.91,2.0
P23416,79.87,4.0
Q9HCP6,186.76,8.0
P35225,37.19,1.0
O60725,95.25,4.0
Q9Y6F6,21.48,1.0
P55073,18.18,1.0
Q9UKX5,23.99,1.0
O15554,115.08,5.0
P43632,27.79,1.0
Q9Y2U2,122.63,6.0
Q9H756,22.96,1.0
Q96KR4,22.74,1.0
P15529,31.04,1.0
O95140,19.47,1.0
Q8TF71,257.17,12.0
Q96LB2,157.04,7.0
O14678,88.93,4.0
P28566,140.75,7.0
P08908,158.06,7.0
Q86WK6,22.65,1.0
Q5I7T1,239.17,11.0
Q8IZP9,173.29,7.0
Q9H1K4,73.97,2.0
P60893,154.77,7.0
Q9BY21,154.59,7.0
Q92643,36.45,2.0
Q5VWC8,90.23,4.0
A0PJZ3,20.33,1.0
P01889,25.86,1.0
Q92839,155.87,7.0
Q5DX21,26.5,1.0
Q14623,22.36,1.0
P01589,22.6,1.0
P20701,42.3,2.0
Q96J84,23.26,1.0
Q16558,46.09,2.0
P57789,132.4,6.0
Q96T54,127.68,6.0
Q9Y561,30.49,1.0
Q643R3,36.23,1.0
Q13449,21.09,1.0
Q8WUT4,19.94,1.0
Q8IZK6,112.39,5.0
Q9P0N8,42.67,2.0
Q14703,22.4,1.0
A6NFX1,230.4,10.0
O95907,234.1,12.0
P39210,60.57,2.0
P22897,27.63,1.0
Q9H172,150.01,7.0
Q9NPB9,151.2,7.0
O60706,330.91,14.0
Q13443,29.38,1.0
F7VJQ1,21.65,1.0
Q9P2X0,43.09,2.0
Q30154,33.6,1.0
Q9UBQ6,22.74,1.0
Q92520,21.82,1.0
P60509,36.9,1.0
Q96PL5,42.72,2.0
Q96AP7,23.3,1.0
O14843,150.14,7.0
O75015,21.27,1.0
Q8N3F9,158.41,7.0
P48060,22.0,1.0
P47869,86.15,4.0
Q9Y5Y3,158.17,7.0
Q8WTR4,131.74,6.0
Q9NQS5,154.57,7.0
Q8NDV2,131.73,6.0
Q86YW7,21.55,1.0
P04233,21.99,1.0
Q9ULD8,104.98,4.0
P22459,112.13,3.0
O95202,22.14,1.0
P0C6S8,23.62,1.0
Q5SQ64,23.38,1.0
Q9NUN5,203.52,9.0
A6NNE9,45.03,2.0
Q9H8J5,26.78,1.0
Q9Y5R2,34.9,1.0
P55082,37.46,2.0
P07510,86.7,4.0
P21728,150.28,7.0
Q19T08,30.89,1.0
A1L3X0,143.58,7.0
P61567,46.7,2.0
P43004,197.75,9.0
Q902F9,72.35,2.0
P08246,26.02,1.0
Q8WW52,22.87,1.0
Q4VXF1,19.85,1.0
A6NL05,19.85,1.0
A6NFZ4,22.83,1.0
Q8N5W8,21.35,1.0
Q9BSJ8,41.64,2.0
Q9BXU8,15.25,1.0
P36888,44.63,2.0
Q8WWV6,19.57,1.0
Q02643,138.23,5.0
Q9UBU3,17.88,1.0
Q14330,158.83,7.0
Q13491,93.02,4.0
P14770,22.0,1.0
Q9BYW1,236.28,10.0
C9JVW0,23.03,1.0
Q14773,49.38,1.0
Q99665,29.83,1.0
P49895,19.5,1.0
O43736,23.59,1.0
Q9NP60,24.14,1.0
Q9HDC5,21.52,1.0
Q6PHW0,35.94,1.0
Q8TBQ9,39.59,2.0
Q8WWG9,22.34,1.0
Q6UY18,24.31,1.0
P42167,20.84,1.0
Q8NC56,43.57,2.0
P18627,23.03,1.0
Q9HBL6,23.49,1.0
Q9BU23,189.21,7.0
Q9P2E8,53.32,2.0
Q9NWR8,43.37,2.0
Q16706,19.79,1.0
Q8N468,250.71,12.0
O95342,223.94,10.0
P17787,91.64,4.0
P20292,66.76,3.0
Q13705,24.17,1.0
C9JQL5,45.55,2.0
Q16610,14.44,1.0
Q9BV81,45.97,2.0
O95672,22.7,1.0
A0FGR9,24.47,1.0
P31995,23.21,1.0
P47870,94.12,4.0
Q8TDV0,153.88,7.0
Q8IUC8,21.27,1.0
Q96FL9,20.54,1.0
Q6Y1H2,106.45,4.0
Q02846,46.71,1.0
P14616,34.44,1.0
P57087,30.62,1.0
Q14943,22.68,1.0
Q969X1,148.99,7.0
O43561,22.28,1.0
P04180,42.36,2.0
Q8TDD5,121.86,5.0
Q5SR56,244.26,12.0
P20309,157.55,7.0
P78363,251.79,11.0
O60241,164.65,8.0
P12236,74.3,2.0
P18825,158.44,7.0
P04440,35.09,1.0
Q8N682,132.09,6.0
O71037,72.47,2.0
P61566,47.02,2.0
Q5T6L9,18.27,1.0
P0C7U0,35.78,1.0
Q14534,112.41,4.0
O60667,21.74,1.0
O14944,40.83,2.0
Q7Z2K6,180.17,8.0
P34910,25.1,1.0
Q5NUL3,158.14,7.0
Q8N441,39.37,1.0
Q9NY28,24.12,1.0
P32239,157.19,7.0
Q6ZNA5,122.48,5.0
O75899,161.07,7.0
Q13467,155.65,6.0
Q8WWP7,19.01,1.0
Q9HC97,130.76,6.0
Q6DWJ6,155.67,7.0
O00222,153.51,6.0
O14626,144.03,6.0
P07359,23.55,1.0
Q9BSE4,25.05,1.0
Q4VC39,41.1,2.0
Q92819,156.07,6.0
Q13478,22.58,1.0
P14784,40.82,2.0
Q86SU0,43.83,2.0
Q6UW32,19.67,1.0
Q9Y5U4,103.43,5.0
P08648,22.91,1.0
P78504,25.25,1.0
Q6ZUX7,90.07,4.0
Q13571,102.84,5.0
P12235,72.95,3.0
Q9Y2Q0,201.63,8.0
Q58HT5,47.29,1.0
O75071,22.83,1.0
P60507,43.48,1.0
P21918,141.48,6.0
Q902F8,69.54,2.0
Q9Y227,43.65,2.0
O76062,159.35,7.0
Q9NVM1,23.07,1.0
Q5RGS3,20.39,1.0
Q15485,21.69,1.0
P12314,22.88,1.0
P12319,27.29,1.0
P22466,19.9,1.0
P46093,131.2,6.0
Q9UG22,40.7,2.0
P23415,75.93,3.0
Q96F46,44.64,2.0
Q08334,29.4,1.0
Q9H252,118.78,4.0
O75325,28.0,1.0
Q5T700,22.26,1.0
O15165,22.57,1.0
Q96NI6,23.24,1.0
P28288,81.86,3.0
Q05901,89.9,4.0
Q8TC27,22.82,1.0
Q8NBQ7,107.02,5.0
Q8WW43,151.52,7.0
P05023,193.43,10.0
Q2WGJ9,27.53,1.0
Q5H8C1,21.32,1.0
Q8IW92,19.88,1.0
P19440,72.09,3.0
Q16445,85.37,4.0
Q9UN88,74.09,4.0
Q9UJ42,151.69,7.0
Q99928,85.1,4.0
P46091,157.26,7.0
Q8TED1,20.87,1.0
P11168,257.71,12.0
P81172,21.77,1.0
O95256,23.16,1.0
Q14667,29.71,1.0
Q9BQ31,84.6,3.0
Q9H400,22.45,1.0
Q9C0E8,44.83,2.0
Q96QE4,22.51,1.0
Q9NT99,30.27,1.0
Q68CR7,45.01,2.0
Q86YD5,22.83,1.0
Q96S06,142.95,5.0
Q4ZIN3,114.86,6.0
Q8IXI2,20.92,1.0
Q3V5L5,22.33,1.0
Q9UJG1,42.34,2.0
Q6UWV2,44.0,2.0
O15440,249.11,11.0
Q10469,18.51,1.0
Q53F39,47.05,2.0
O43306,254.35,12.0
P55064,133.97,6.0
P51689,64.14,3.0
P0DN84,22.76,1.0
P01920,22.45,1.0
Q08554,23.37,1.0
A6NNS2,20.18,1.0
P0DPD8,18.06,1.0
Q9P0I2,59.87,2.0
Q5J8M3,42.22,2.0
Q96A84,19.41,1.0
P54849,90.95,4.0
P17813,23.41,1.0
P19235,26.15,1.0
Q9Y6X5,21.65,1.0
O75354,24.14,1.0
P0C7X4,21.56,1.0
Q96A29,178.38,8.0
Q8N5D6,22.52,1.0
Q96HH9,25.04,1.0
O15303,137.6,6.0
P13747,23.03,1.0
P78552,35.97,2.0
P20155,21.55,1.0
Q13683,43.24,2.0
A6PVL3,44.37,2.0
Q9BWQ8,149.94,7.0
Q96B96,67.41,3.0
A6NMS7,23.04,1.0
P20382,18.16,1.0
Q6P1A2,188.98,7.0
P08581,25.7,1.0
Q96MC6,256.28,12.0
P10620,53.18,1.0
Q96J65,247.3,9.0
Q5T3U5,356.12,13.0
P48039,159.29,7.0
P11245,26.14,1.0
Q9NS40,117.88,4.0
Q15012,89.71,4.0
P16581,21.8,1.0
O95237,28.99,1.0
Q8NI32,26.16,1.0
O75427,22.31,1.0
Q6PJG9,22.87,1.0
Q13585,165.13,7.0
P57103,229.98,11.0
Q8NGF9,168.9,8.0
Q8NG98,153.42,7.0
Q8NGF4,143.98,7.0
P23515,20.39,1.0
Q8NGR1,149.88,7.0
Q8NGS0,151.85,7.0
Q86YL7,31.7,1.0
Q8TBF5,36.03,1.0
P16284,25.11,1.0
O00592,22.48,1.0
Q6ZV29,22.23,1.0
Q9UKY4,232.19,10.0
A0A1B0GWB2,44.4,2.0
Q9UI14,55.69,2.0
P18031,21.1,1.0
Q6ZS82,21.24,1.0
Q9UBD6,247.81,12.0
Q7Z5B4,40.52,2.0
Q8TEB7,23.6,1.0
A0A075B6K6,17.69,1.0
P48645,19.33,1.0
Q96NY8,22.94,1.0
Q92692,23.3,1.0
Q92859,23.09,1.0
Q6NVV3,184.69,9.0
P25103,156.08,7.0
Q8NGX3,158.87,7.0
Q8NGF1,152.19,7.0
Q8NGI3,132.16,5.0
A6NDH6,149.8,7.0
Q8NGI8,152.44,7.0
Q8NGV6,151.67,7.0
Q9H2C5,166.26,7.0
Q5JQS5,152.86,7.0
O95006,153.63,7.0
Q8NH03,156.17,7.0
Q969N2,19.96,1.0
O00168,27.81,1.0
C9JH25,147.38,5.0
P23471,36.66,1.0
P53801,42.58,2.0
Q9Y6C5,262.85,11.0
Q6ZRP7,29.15,1.0
A5PLK6,14.95,1.0
Q9NX14,22.15,1.0
Q9Y5X5,155.51,7.0
Q04721,52.86,2.0
P03891,193.26,9.0
Q96DL1,20.1,1.0
Q96RD2,165.22,7.0
Q8NG92,149.73,7.0
Q8NGV5,159.72,7.0
Q8NH74,154.72,7.0
Q8NGY1,154.47,7.0
Q8NGG2,161.78,7.0
Q8NHC4,152.4,7.0
Q8NH95,65.8,3.0
P0DMU2,162.22,8.0
O00398,158.43,7.0
P03999,156.72,7.0
Q8NGR6,155.2,7.0
Q96JQ0,45.22,2.0
P25116,163.64,7.0
Q96RI0,162.8,7.0
P13667,14.54,1.0
P43088,140.76,6.0
Q9Y5E9,23.1,1.0
Q8N3S3,151.71,7.0
O75051,58.83,1.0
O14494,125.15,6.0
Q96BZ4,19.4,1.0
Q9NR77,83.58,4.0
Q9H9V4,23.33,1.0
Q9NV58,52.1,2.0
Q96MT1,286.4,12.0
Q3LI73,19.9,1.0
Q86UP9,94.06,4.0
O95214,88.94,4.0
P11279,44.9,2.0
Q14210,36.57,2.0
Q12907,25.05,1.0
Q5VT66,21.16,1.0
Q8TCQ1,45.16,2.0
Q6NUT3,236.11,11.0
O75425,42.78,2.0
Q86SM5,136.76,5.0
Q13508,26.54,1.0
Q8NET5,47.36,1.0
P04629,39.49,1.0
P03901,62.85,3.0
O95944,21.55,1.0
Q9UN67,41.82,2.0
P25105,155.15,7.0
P60602,32.11,1.0
O60928,47.49,2.0
Q86W47,45.2,2.0
Q3LI54,30.08,1.0
Q2VYF4,29.86,1.0
Q12866,27.11,1.0
Q96LU7,23.9,1.0
O95255,293.56,12.0
Q71RS6,212.31,9.0
Q5T1S8,22.37,1.0
Q9HC58,238.85,11.0
Q8IVV8,68.84,2.0
Q8NH93,152.95,7.0
Q13258,154.14,7.0
Q9Y5G7,30.01,1.0
P01833,21.66,1.0
Q13113,27.0,1.0
Q9H6L5,49.95,2.0
Q9Y644,21.84,1.0
Q9H427,125.16,5.0
P48050,64.6,3.0
Q96JA1,21.72,1.0
Q6UWP7,80.65,3.0
A6BM72,22.79,1.0
Q8NE86,60.74,3.0
Q9NXJ0,89.68,4.0
Q15800,78.28,3.0
O14524,116.69,5.0
P42857,20.92,1.0
Q8N628,153.48,7.0
Q9Y5G1,22.54,1.0
Q9Y5H6,26.87,1.0
Q8N5Y8,22.66,1.0
Q9Y5G3,31.81,1.0
Q63HM2,296.65,15.0
P37287,22.12,1.0
Q969W9,22.68,1.0
Q7RTY3,17.55,1.0
P54829,38.34,1.0
Q9Y6H6,22.3,1.0
Q6UX15,33.56,1.0
Q86WI0,89.88,4.0
Q01650,253.03,11.0
Q8N0V4,19.64,1.0
Q86YC3,22.96,1.0
Q9HCJ2,41.05,2.0
Q92633,148.6,7.0
Q15773,15.1,1.0
Q5TF39,255.61,12.0
P26572,22.85,1.0
P43121,23.11,1.0
Q9NQS3,24.22,1.0
P28336,152.65,7.0
O14511,23.03,1.0
P03897,66.83,3.0
Q8IXM6,96.49,4.0
Q9ULB1,30.87,1.0
Q9HDB5,35.22,1.0
Q8NGK0,159.81,7.0
Q8NGK3,159.07,7.0
O95222,150.48,7.0
Q8NGS5,158.12,7.0
Q8NGZ6,157.34,7.0
Q8NGW1,154.95,7.0
Q8NGG1,169.11,8.0
Q8NGQ5,150.87,7.0
Q8N127,152.94,7.0
Q8NGA2,151.27,7.0
Q8TCB6,151.18,7.0
Q7RTS6,238.7,10.0
P41145,156.36,7.0
Q9GZK4,143.59,7.0
Q8NG80,152.99,7.0
P42785,17.01,1.0
Q9Y5I2,31.78,1.0
Q86V24,149.35,7.0
Q75T13,146.86,6.0
Q9NUD9,194.88,9.0
Q86T03,43.54,2.0
Q9HBL7,34.23,1.0
Q5FWE3,166.25,7.0
Q9ULX5,46.21,2.0
P08172,158.04,7.0
Q9UGM1,85.61,4.0
O75027,119.39,5.0
Q04771,27.84,1.0
P51648,27.31,1.0
Q9Y3Q7,22.84,1.0
Q86TY3,44.19,2.0
Q9HDC9,21.54,1.0
P11215,22.62,1.0
Q6UVM3,136.11,5.0
Q14952,22.07,1.0
Q6UWL6,19.72,1.0
P15382,22.55,1.0
P48549,66.3,3.0
O60309,22.15,1.0
A6NM11,23.04,1.0
Q9NS15,21.08,1.0
Q8IWT6,85.47,4.0
Q6DN14,49.22,2.0
Q16655,21.74,1.0
Q9UKM7,21.55,1.0
P51511,23.48,1.0
P30301,135.31,6.0
O14880,74.23,4.0
Q685J3,23.36,1.0
P25189,39.64,1.0
Q8NGN3,152.65,7.0
Q8NGC5,150.59,7.0
P0C7T3,147.8,6.0
P0C626,142.26,6.0
Q8NGC8,155.63,7.0
Q96KK4,154.58,7.0
Q8NGC1,155.65,7.0
Q13606,147.09,7.0
Q8NGH9,158.21,7.0
Q96R09,146.45,7.0
Q96RD1,144.08,7.0
Q9GZK3,168.59,8.0
Q96R28,173.63,8.0
Q8NG83,149.3,7.0
O60431,146.54,7.0
Q9Y5G8,23.38,1.0
Q03431,159.48,7.0
Q96TC7,21.85,1.0
Q8WWZ7,335.41,14.0
Q9NVV5,119.14,6.0
O95870,55.69,2.0
Q13444,22.58,1.0
O60423,200.28,7.0
P46095,159.8,7.0
P55259,26.7,1.0
P14672,262.31,12.0
P15421,44.93,2.0
P15586,20.74,1.0
Q8TDQ0,23.74,1.0
A8MVW5,22.84,1.0
Q4G148,22.1,1.0
Q6UWX4,19.88,1.0
P30511,23.55,1.0
P10321,24.19,1.0
Q01629,45.42,2.0
Q8IVU1,22.67,1.0
Q6UXL0,42.13,2.0
Q8WWU7,19.49,1.0
Q14739,179.3,8.0
Q9H0U3,106.12,5.0
Q3C1V0,87.04,4.0
Q5VZR4,60.45,3.0
O75121,41.88,1.0
Q02252,17.74,1.0
Q969V5,38.09,2.0
Q969V3,43.68,2.0
P52848,22.08,1.0
Q96FE5,25.6,1.0
P13473,40.96,1.0
Q9NPC1,145.27,6.0
Q7Z2Q7,27.72,1.0
Q8N4V1,40.14,2.0
Q9BUR5,25.36,1.0
O15439,241.43,11.0
O75352,118.35,6.0
Q6Q8B3,23.92,1.0
O15394,24.3,1.0
Q9UPR5,201.85,9.0
P49281,229.65,9.0
Q14957,88.15,4.0
Q8N2Q7,32.84,1.0
Q8NH81,156.77,7.0
Q6IEY1,152.52,7.0
A6NMZ5,139.68,6.0
B2RN74,151.35,7.0
Q8NH40,155.29,7.0
P58180,136.82,6.0
P41231,134.41,6.0
A6NL08,151.99,7.0
Q8NGI9,149.41,7.0
Q8NGM8,152.2,7.0
Q8NGH3,148.4,7.0
Q8NGZ5,128.51,6.0
Q14432,101.93,5.0
Q9Y5E6,23.43,1.0
Q96TA0,22.93,1.0
O15496,22.2,1.0
Q9BRR3,64.58,3.0
Q9NZ42,42.92,2.0
Q9BZG2,28.84,1.0
Q6ISU1,16.4,1.0
Q92626,19.22,1.0
Q5QJU3,128.13,5.0
P36544,96.14,4.0
Q2TAA5,73.2,2.0
Q5T601,159.89,7.0
Q86SQ3,169.39,7.0
Q92952,130.25,5.0
P20702,24.82,1.0
O43526,110.63,5.0
Q969F8,146.02,7.0
Q9UQ05,130.83,6.0
O95259,101.58,4.0
Q5SRR4,20.16,1.0
Q96PB8,36.8,1.0
O75022,21.98,1.0
Q6DN12,47.53,2.0
Q969V1,143.57,7.0
O43462,148.53,6.0
Q9UQQ1,22.47,1.0
P49279,241.69,10.0
P26717,21.28,1.0
Q8NGK9,156.92,7.0
Q8NGL1,152.99,7.0
Q8NGE9,157.84,7.0
Q8NGA5,160.53,7.0
P35372,153.55,7.0
Q96R48,136.75,6.0
Q15077,136.54,6.0
A3KFT3,152.45,7.0
Q8NH00,150.27,7.0
Q8NBV4,71.11,3.0
Q8NC44,57.63,1.0
O75311,81.09,4.0
Q13797,37.93,2.0
Q8NCW0,21.72,1.0
A8MYU2,141.59,6.0
Q8NHK3,24.78,1.0
Q9UEF7,22.12,1.0
Q8IUB9,42.36,2.0
Q03721,121.64,3.0
Q14721,107.15,5.0
Q3LI70,17.57,1.0
P17658,117.69,4.0
Q50LG9,22.84,1.0
Q2I0M4,26.63,1.0
O43300,34.65,1.0
Q9H2W1,89.11,4.0
Q6ZSM3,257.82,12.0
Q2M385,22.86,1.0
Q9C002,22.57,1.0
P58401,23.36,1.0
Q9GZY6,18.97,1.0
Q8NGF8,152.93,7.0
Q8NGP0,133.9,6.0
A4D2G3,155.23,7.0
O95221,143.82,7.0
Q8NGP4,139.14,6.0
O60412,149.01,7.0
Q8NH57,155.83,7.0
Q9H205,154.62,7.0
A6NHA9,133.13,6.0
Q9H344,157.52,7.0
Q9UGF7,138.9,7.0
Q8NGX8,153.37,7.0
A6NJZ3,149.49,7.0
Q8NGG4,141.18,6.0
Q8NGG5,168.39,8.0
Q8NGS3,150.8,7.0
B3GLJ2,22.31,1.0
Q9NZ53,37.59,1.0
Q2M2E3,65.89,3.0
Q8N131,41.02,2.0
Q02127,19.53,1.0
P07550,148.97,7.0
O60503,217.36,8.0
Q9UHX3,155.98,7.0
P04114,17.76,1.0
P22001,116.31,5.0
Q9UIX4,110.65,4.0
P48357,68.5,3.0
Q07820,28.61,1.0
Q96JQ5,96.02,4.0
Q8IWD5,202.91,8.0
Q9H3U5,242.97,11.0
A6NG13,22.82,1.0
Q8NCU8,17.77,1.0
O15146,40.42,2.0
Q8IZF0,422.99,19.0
O00533,23.02,1.0
E9PQ53,21.49,1.0
Q0D2K0,189.15,8.0
P49146,156.91,7.0
Q6P499,196.59,9.0
P0DQD5,155.59,7.0
P01303,21.28,1.0
O14786,27.44,1.0
Q8NBR0,27.69,1.0
Q9GZK6,153.21,7.0
Q8WZA6,152.57,7.0
Q8NHC8,146.57,7.0
Q9Y5H3,29.18,1.0
Q9NRJ7,39.32,2.0
Q9Y5F8,23.11,1.0
Q8IV08,23.11,1.0
P23469,43.57,2.0
Q96P65,156.83,7.0
Q02094,230.1,11.0
Q6ZP29,145.41,7.0
A6NJW4,36.22,1.0
Q8N967,26.74,1.0
Q96JA4,72.58,3.0
Q13021,90.96,4.0
Q7Z6M3,22.13,1.0
Q00325,59.96,2.0
Q99102,25.89,1.0
P16435,27.08,1.0
P25929,158.61,7.0
Q99463,133.07,6.0
Q16288,42.93,2.0
P0DN78,159.21,7.0
P47890,145.16,7.0
O95206,25.25,1.0
Q9Y5G6,32.25,1.0
O60245,43.31,2.0
Q8IYJ0,25.35,1.0
P14555,20.33,1.0
P43119,155.44,7.0
Q9HBV1,62.34,3.0
P18433,43.97,2.0
Q6UWS5,17.14,1.0
Q14761,36.57,1.0
P49768,173.67,9.0
Q9NXS2,20.85,1.0
O60896,25.25,1.0
P51787,125.83,6.0
Q6P1Q0,36.9,1.0
Q86X29,23.4,1.0
O75074,23.89,1.0
Q7L1W4,73.06,3.0
P33908,41.48,2.0
Q96ER9,38.45,1.0
P08118,19.86,1.0
Q8NHP6,21.99,1.0
Q8TD46,46.76,2.0
O95298,21.39,1.0
Q13423,272.43,12.0
Q14916,228.99,10.0
O15118,286.97,12.0
Q0GE19,190.29,10.0
Q8NGC0,145.63,8.0
Q9H209,138.83,6.0
P0C7N8,130.71,6.0
Q9H207,145.47,7.0
Q8NGD1,151.36,7.0
Q8NGF3,179.69,8.0
Q8NGC3,153.74,7.0
Q8NGK1,138.48,5.0
O60403,156.49,7.0
P41143,153.89,7.0
P0C6T2,22.74,1.0
Q8NHB1,142.29,6.0
Q7L5N7,28.88,1.0
Q9Y5F0,25.25,1.0
Q9Y5H5,29.64,1.0
Q9Y5E5,26.03,1.0
Q9UIW2,56.0,2.0
Q8IY26,62.33,3.0
P10082,20.55,1.0
P15151,33.09,1.0
P29972,128.27,6.0
O43315,138.92,6.0
P31785,23.35,1.0
Q13349,22.77,1.0
Q9Y219,31.39,1.0
P43630,37.46,1.0
P10721,43.57,2.0
Q8N6L1,73.31,4.0
Q4VXA5,28.41,2.0
P48048,53.1,2.0
Q96T55,129.2,6.0
Q8TAE7,143.67,7.0
Q86VI4,90.48,4.0
O95461,20.51,1.0
O75387,258.53,12.0
P01130,21.93,1.0
Q14392,23.11,1.0
Q8N386,22.58,1.0
Q8IX19,22.84,1.0
P33032,156.16,7.0
O15438,333.5,14.0
Q9ULC0,23.0,1.0
Q96S97,176.78,8.0
Q6PIU2,30.26,1.0
P03923,117.77,6.0
Q8NGV0,154.6,7.0
Q9H208,146.32,7.0
Q99571,41.78,2.0
Q8NH85,149.53,7.0
Q8NGF6,154.13,7.0
Q6IF63,170.39,7.0
Q8NGA8,150.36,7.0
Q8NGL4,151.36,7.0
P0DN80,151.37,8.0
Q8NHC6,158.05,7.0
Q8NH64,155.84,7.0
Q8NGY5,148.19,7.0
Q86WC4,39.87,2.0
O76000,153.04,7.0
P58170,166.12,8.0
Q9NQN1,154.51,7.0
Q9Y5F9,23.11,1.0
Q9HCL0,24.6,1.0
O14495,121.43,6.0
Q7Z2D5,113.95,5.0
P18084,23.51,1.0
P19827,16.64,1.0
Q14571,136.35,6.0
P56696,113.18,5.0
P43631,22.94,1.0
Q99706,23.76,1.0
Q9UBY5,155.18,7.0
Q9BTN0,22.64,1.0
A6NCL2,21.06,1.0
Q86UD3,44.23,2.0
Q9NQG1,22.1,1.0
Q09328,21.99,1.0
Q7RTX9,245.24,10.0
Q9NZJ7,46.9,2.0
P13591,31.53,1.0
P84157,21.0,1.0
O95502,22.78,1.0
Q6W5P4,142.34,6.0
Q9H841,198.53,9.0
O95665,153.88,7.0
Q16620,41.8,2.0
Q8NGF7,150.83,7.0
Q6IF36,143.02,6.0
Q8NH79,156.08,7.0
Q9H2C8,140.59,6.0
Q8NHC5,136.28,6.0
Q8NGX0,155.7,7.0
Q8NGN1,156.0,7.0
O95013,152.51,7.0
Q8NH55,156.06,7.0
Q8NGG8,156.77,8.0
A6NND4,154.65,7.0
Q9H244,149.12,7.0
P26678,21.01,1.0
Q8IUK5,23.66,1.0
Q6T4P5,122.19,6.0
P21246,18.62,1.0
Q5VYY1,22.31,1.0
Q4VNC1,216.29,10.0
Q99712,48.52,2.0
Q9NPA1,45.14,2.0
Q9UK17,137.32,6.0
P48544,56.26,2.0
Q8N3Y3,21.44,1.0
Q14114,43.47,2.0
Q9BY71,22.94,1.0
Q8WVP7,202.05,9.0
Q7Z7M0,31.74,1.0
P0DMT0,22.53,1.0
P51512,26.63,1.0
Q8IXI1,22.47,1.0
O15374,256.91,12.0
Q9P0J0,21.92,1.0
Q13224,86.86,4.0
Q12879,87.42,4.0
Q8WUJ1,21.93,1.0
Q9GZQ6,154.95,7.0
Q9Y639,23.89,1.0
Q9NZ94,22.42,1.0
Q8NGN0,153.59,7.0
Q96R72,152.84,7.0
Q8NGD0,150.47,7.0
Q6UWF7,21.03,1.0
Q8NH73,152.36,7.0
Q8NGL6,152.38,7.0
Q96SN7,78.65,4.0
Q8NGE7,138.58,5.0
Q96RB7,146.66,7.0
Q8NGE2,153.53,7.0
Q8NGC4,161.37,7.0
A6NHN0,19.54,1.0
Q9H255,156.69,7.0
O43613,144.94,6.0
Q8NGZ4,144.82,7.0
Q8NH06,157.37,8.0
Q5PT55,183.27,7.0
Q9Y5E2,41.51,2.0
Q9UNK4,20.93,1.0
Q5H8A4,251.63,11.0
Q01453,91.0,4.0
P45877,19.01,1.0
Q96GM1,127.33,6.0
Q9Y342,87.99,4.0
Q15825,90.95,4.0
Q7Z7M1,141.6,5.0
Q01718,154.27,7.0
P05026,22.76,1.0
P07686,22.55,1.0
Q86UW8,19.91,1.0
Q5VWK5,39.39,2.0
P32927,22.76,1.0
Q8WXH2,22.27,1.0
B7U540,67.49,3.0
Q9NPC2,127.07,6.0
P14151,22.69,1.0
Q86UE6,23.12,1.0
Q6UX01,202.46,9.0
Q9UEW3,22.94,1.0
Q8N5G2,92.44,4.0
Q9Y5Y7,23.31,1.0
Q9UPX6,21.13,1.0
Q13505,29.04,1.0
Q96IZ2,126.43,6.0
O43184,21.92,1.0
Q96K78,180.92,8.0
A1A5B4,175.59,7.0
P39086,68.33,3.0
A8MPY1,86.95,4.0
Q8TDV2,158.83,7.0
Q86SP6,157.5,7.0
Q16538,161.23,7.0
Q96D42,21.19,1.0
Q3T906,42.93,2.0
Q8TDS4,147.07,7.0
Q9Y241,40.55,2.0
P83105,19.47,1.0
P29460,17.76,1.0
A1L1A6,23.12,1.0
Q9NRX6,41.75,2.0
Q12809,122.21,4.0
Q9NSA2,114.25,5.0
O95069,127.54,6.0
Q9HB15,130.1,6.0
Q6UWM7,25.02,1.0
Q6UXM1,23.23,1.0
Q8N423,22.96,1.0
P43657,155.94,7.0
Q969L2,88.46,4.0
Q16617,90.6,4.0
Q8NA29,240.02,11.0
Q9H013,22.31,1.0
Q8N8L6,22.68,1.0
O14653,19.88,1.0
Q9Y3E0,69.8,3.0
P25092,41.25,2.0
Q8TDB4,19.14,1.0
P09601,20.12,1.0
P48551,43.12,1.0
Q8NEV9,17.31,1.0
Q9HB29,28.1,1.0
Q3LI64,20.79,1.0
Q9ULS6,104.78,4.0
Q9NYG8,130.22,6.0
Q92604,86.56,4.0
Q8N8F7,23.03,1.0
Q9Y2L9,21.65,1.0
P22888,155.0,7.0
Q7Z553,25.87,1.0
Q6ZNC8,179.21,6.0
Q96T53,140.89,5.0
O75900,21.3,1.0
Q96ES6,193.01,4.0
Q14728,222.03,10.0
Q9UM21,21.38,1.0
Q96PD6,58.59,1.0
Q9H195,21.97,1.0
Q02505,21.7,1.0
Q9Y3Q0,22.81,1.0
Q9UNA3,17.93,1.0
Q9NP78,179.01,7.0
Q7L4S7,20.84,1.0
Q9NQ11,224.9,11.0
Q2KHT4,84.55,4.0
Q8TD20,253.44,12.0
A8MVS5,28.84,1.0
P38567,43.57,2.0
P15260,22.9,1.0
Q8IYV9,21.98,1.0
Q96KK3,86.81,3.0
Q06136,48.64,1.0
Q92953,112.97,5.0
P48547,123.17,5.0
Q96L42,134.09,6.0
P48051,58.88,2.0
Q9HBX8,156.88,7.0
Q6UXK5,24.12,1.0
O60476,21.37,1.0
Q96PG2,72.37,3.0
Q16674,18.19,1.0
Q9BY79,23.07,1.0
Q96G30,22.43,1.0
Q3SYC2,33.45,1.0
Q9H3V2,89.82,4.0
Q9HD23,40.94,2.0
O43193,156.63,7.0
Q9NZM1,22.91,1.0
O95803,22.62,1.0
Q06495,225.11,9.0
Q9HBY0,120.61,5.0
Q8NG41,19.69,1.0
P50391,155.59,7.0
Q92542,22.65,1.0
Q9NXE4,33.55,1.0
Q15738,22.95,1.0
Q14246,155.58,7.0
Q8IZF6,171.23,7.0
O75106,21.65,1.0
P48546,134.02,5.0
O95800,158.38,7.0
Q6W3E5,126.75,6.0
Q13304,134.12,6.0
Q14833,160.29,7.0
Q8IUY3,20.36,1.0
Q9H665,23.32,1.0
P18564,22.59,1.0
P08514,36.44,1.0
Q9H2S1,149.08,7.0
Q9NQR1,23.01,1.0
P19256,46.07,2.0
A6NDP7,167.88,8.0
Q7RTY0,240.04,12.0
O60487,43.68,2.0
P11717,23.48,1.0
Q9UHF3,25.27,1.0
Q58DX5,21.81,1.0
Q9UK23,23.56,1.0
P32418,237.47,11.0
O60721,235.38,11.0
O95169,21.51,1.0
Q9UI40,238.44,11.0
Q05586,67.15,3.0
O00483,22.31,1.0
Q9NV92,63.81,3.0
P29371,162.54,7.0
Q9Y4C0,39.68,1.0
Q9P2S2,22.47,1.0
Q8N323,20.48,1.0
Q8NH72,142.24,6.0
Q8NGN8,153.73,7.0
Q8NH07,152.13,7.0
Q8NH43,153.78,7.0
Q8NGV7,163.63,7.0
Q8NGI1,119.69,5.0
Q9H340,157.59,7.0
Q8NGU2,158.18,7.0
Q8NGX6,172.87,8.0
P78380,23.18,1.0
Q96G91,140.05,5.0
P39656,43.36,2.0
Q96P68,141.43,6.0
Q6PK18,19.49,1.0
O76001,154.9,7.0
Q8NH16,148.11,7.0
Q2M3G0,222.73,8.0
Q9NP58,221.27,9.0
P48960,154.1,7.0
P00846,128.18,6.0
P12318,24.78,1.0
Q7Z6J6,22.66,1.0
Q5SZK8,22.96,1.0
P09958,35.29,1.0
O60353,157.12,7.0
O95249,19.41,1.0
Q7L5L3,51.87,2.0
Q6NV75,162.87,7.0
Q53EU6,56.1,2.0
Q14956,21.59,1.0
Q9NX62,22.23,1.0
Q9NPH3,24.4,1.0
Q6UXV1,22.88,1.0
Q14003,96.19,4.0
Q96PC5,39.04,2.0
P49286,159.95,7.0
P0C645,131.68,6.0
Q8NGK5,157.48,7.0
P0DN82,141.81,6.0
Q8NGS4,145.17,7.0
Q96HA1,39.55,1.0
P30559,154.59,7.0
Q6IFN5,150.29,7.0
Q86UQ4,296.66,13.0
P47898,157.23,7.0
P08912,156.6,7.0
Q96PE1,139.02,6.0
P51690,70.96,3.0
Q9NR71,22.9,1.0
P98194,170.0,8.0
Q9BY08,109.01,5.0
O42043,45.98,2.0
O94919,71.85,3.0
Q15375,34.66,1.0
O75844,144.71,7.0
Q3ZCQ3,32.31,1.0
Q96LA5,22.88,1.0
O43155,25.65,1.0
Q8NAU1,22.12,1.0
A8MWK0,84.43,4.0
Q8NCL4,16.16,1.0
Q9P109,18.9,1.0
Q8TDT2,151.64,7.0
P02724,44.22,2.0
Q86UQ5,20.3,1.0
Q9BQS7,23.05,1.0
Q8IZT8,19.35,1.0
O00219,159.07,7.0
Q71H61,30.9,1.0
Q01628,45.4,2.0
P08069,31.46,1.0
Q12912,21.37,1.0
Q9HC24,145.54,7.0
O60449,23.39,1.0
Q8NHJ6,22.27,1.0
Q9NR34,22.13,1.0
O94778,131.16,6.0
Q674R7,113.05,4.0
Q8IU57,23.99,1.0
P40305,71.12,4.0
P40189,21.97,1.0
Q9UMF0,39.6,1.0
Q9Y5U9,31.63,1.0
Q8NC54,33.68,1.0
Q9H3W5,17.06,1.0
Q9H0V9,23.32,1.0
A0A1B0GTW7,19.74,1.0
Q9ULH4,23.4,1.0
Q8NBP5,210.69,8.0
Q8TDS7,147.06,7.0
Q96LB0,156.4,7.0
A6NI61,120.83,7.0
P08473,22.57,1.0
O15399,86.82,4.0
Q8N8Q9,189.07,9.0
Q8NFZ3,46.04,2.0
Q9NRX3,22.14,1.0
Q96RC9,146.57,7.0
Q8NGF0,150.27,6.0
Q9H343,157.76,7.0
Q9BV10,239.25,11.0
P35368,152.35,7.0
Q8J025,20.77,1.0
Q9ULZ1,20.21,1.0
O60243,20.34,1.0
P17693,24.61,1.0
Q9P298,40.25,2.0
Q9Y5L2,18.93,1.0
Q8N5M9,74.73,3.0
Q9BR39,21.58,1.0
P43628,25.5,1.0
P43629,23.17,1.0
P16150,22.9,1.0
Q7Z418,128.67,5.0
Q9UQV4,24.84,1.0
Q86VZ4,24.14,1.0
Q9HBW1,42.5,2.0
P49257,22.03,1.0
Q6NSJ5,82.38,3.0
Q96KG7,28.14,1.0
Q96HJ5,90.07,4.0
Q13724,22.32,1.0
Q9UKN1,26.35,1.0
P15941,34.81,1.0
Q9H3R1,22.75,1.0
P26718,22.95,1.0
Q9Y4A8,19.36,1.0
O95436,233.41,11.0
Q9NQX5,27.75,1.0
O43612,22.43,1.0
Q8NGJ1,130.59,6.0
Q8NG99,163.31,8.0
Q8NGS9,154.99,7.0
Q8NGI4,146.08,7.0
P0C617,156.4,7.0
Q96R47,148.77,7.0
P50052,156.13,7.0
P01893,25.68,1.0
O75054,23.05,1.0
Q6EBC2,18.17,1.0
P26951,21.9,1.0
Q9P055,138.09,7.0
P56199,26.28,1.0
P38570,33.48,1.0
Q53RY4,84.78,3.0
O15229,42.58,2.0
Q7Z3D4,23.03,1.0
Q8ND94,22.69,1.0
O75096,23.13,1.0
O75581,23.57,1.0
Q5VT99,32.91,1.0
O75095,20.45,1.0
Q96AQ8,15.69,1.0
Q5T0T0,44.7,2.0
Q6ZSS7,239.06,11.0
Q16819,39.72,2.0
P36021,253.72,12.0
P33527,346.7,16.0
O95297,46.64,2.0
Q9GZW8,84.73,4.0
Q5JS37,20.81,1.0
Q99519,22.98,1.0
Q9NZG7,44.47,2.0
Q9Y5S8,132.67,6.0
Q9UHC9,302.57,12.0
Q9UBL9,38.03,1.0
Q8WZ94,155.44,7.0
Q96RA2,153.19,7.0
Q8NGH5,145.25,7.0
P0C7N1,152.36,7.0
Q8N138,53.03,2.0
Q86VZ1,148.68,6.0
P0C7T2,137.36,7.0
Q8NGR5,138.15,6.0
Q8NGQ3,138.25,6.0
Q9Y278,18.18,1.0
P0DMQ5,23.02,1.0
Q8N6C5,63.03,2.0
P38484,40.74,2.0
Q9GZX6,22.14,1.0
A6NMD0,44.81,2.0
Q13651,22.91,1.0
Q6UWN8,18.05,1.0
Q5VZ72,23.03,1.0
O43525,109.73,5.0
Q9Y337,18.37,1.0
Q5VTJ3,14.37,1.0
Q3SXY7,22.09,1.0
Q8N112,22.91,1.0
P21439,248.43,11.0
P49641,19.8,1.0
P41968,154.93,7.0
O60882,14.15,1.0
P50281,23.53,1.0
Q9H9K5,33.54,1.0
Q04900,24.83,1.0
Q8NGB2,137.44,6.0
Q8N0Y3,152.57,7.0
Q8NH19,154.5,7.0
Q9UGF5,153.57,7.0
Q8NGB9,155.79,7.0
Q8NH60,163.32,7.0
Q8NGE5,146.69,7.0
Q13607,154.09,7.0
Q8NG81,151.83,7.0
O43869,175.76,8.0
Q9Y585,149.81,7.0
Q9BSG0,28.27,1.0
Q96A54,146.0,7.0
Q9H237,181.52,7.0
Q9NRZ5,76.73,3.0
Q9UL19,18.81,1.0
P53816,22.98,1.0
Q8N7P1,22.07,1.0
Q86XL3,17.36,1.0
Q9Y5N1,154.98,7.0
P17181,42.98,2.0
Q9H293,20.25,1.0
O75578,30.49,1.0
P26006,43.74,2.0
P43626,26.47,1.0
Q96PQ7,15.03,1.0
Q14954,21.5,1.0
P20916,22.2,1.0
Q5VYJ5,22.86,1.0
Q5SRI9,19.35,1.0
Q9BSK0,87.04,4.0
Q9BY19,90.4,4.0
Q96PG1,36.5,2.0
Q75NE6,17.87,1.0
O43934,232.95,10.0
Q86SM8,157.37,7.0
Q86VF5,56.25,1.0
Q8NCQ3,23.33,1.0
Q9BTX1,133.21,5.0
Q96FE7,28.09,1.0
P58173,153.25,7.0
Q15116,22.86,1.0
Q9Y5H0,25.35,1.0
Q16549,31.4,1.0
Q14442,40.91,2.0
O43808,117.77,5.0
Q9UKV5,122.01,5.0
O14520,140.07,6.0
Q9NZS2,30.86,1.0
Q9NZV8,141.71,6.0
Q8NCM2,98.37,4.0
Q9HBG7,22.56,1.0
Q8TDW0,84.24,4.0
Q9P244,24.98,1.0
P21741,16.53,1.0
Q9H8H3,22.96,1.0
Q01726,141.27,4.0
Q9HB63,18.95,1.0
O95631,17.3,1.0
Q5VXU1,73.64,4.0
O00624,208.25,9.0
Q12908,179.47,8.0
Q6IF99,157.86,7.0
Q99572,36.23,1.0
Q8NH04,143.17,7.0
Q8NGJ7,163.62,7.0
Q8NGY7,138.64,6.0
O60404,161.7,7.0
Q9H1Y3,158.43,7.0
Q9NUU6,21.07,1.0
Q9BXI2,93.88,4.0
Q15070,84.8,4.0
Q9H300,128.77,6.0
Q9BQ51,22.84,1.0
P23219,18.71,1.0
Q9H5I5,769.09,35.0
P11117,34.65,1.0
P16471,37.16,2.0
Q9H221,139.2,5.0
Q9NRK6,110.64,5.0
Q8WXA8,84.5,4.0
Q5T7M4,19.56,1.0
O43506,42.32,2.0
Q5XXA6,172.84,7.0
Q9HCE9,117.5,4.0
Q9BWW8,65.46,3.0
P53708,27.12,1.0
P06756,22.88,1.0
Q5JUK3,143.33,5.0
Q8N109,24.56,1.0
P43627,23.45,1.0
Q9H3M0,94.63,4.0
Q6GTX8,22.54,1.0
Q17RY6,16.95,1.0
Q99677,156.71,7.0
Q8N5U1,88.9,4.0
Q5HYA8,126.09,4.0
Q8NHV5,88.51,4.0
Q96AM1,138.38,6.0
Q8NGC9,154.69,7.0
Q8NGY6,143.47,7.0
Q8NGM9,150.24,7.0
Q13438,21.86,1.0
A6NH00,140.77,7.0
P55085,181.17,8.0
Q6TCH4,117.93,4.0
P08F94,18.66,1.0
Q07326,132.57,6.0
Q96S52,40.73,2.0
Q9NWQ8,22.95,1.0
O15120,80.8,4.0
Q13018,22.96,1.0
Q99943,64.54,3.0
O00198,19.5,1.0
Q8IZJ0,20.03,1.0
P08887,24.79,1.0
Q9UHF4,23.46,1.0
P05106,30.14,1.0
Q6H9L7,21.74,1.0
Q14573,144.21,7.0
Q9Y5K2,18.02,1.0
Q9BXB1,155.64,7.0
Q8IWU2,62.46,3.0
Q9H213,17.22,1.0
Q13421,19.57,1.0
Q1L6U9,20.57,1.0
Q9UBG0,22.87,1.0
Q8WUY8,25.22,1.0
Q6IF82,163.34,8.0
Q8NG97,144.96,6.0
Q8NH63,155.92,7.0
Q8NGE1,151.93,7.0
Q8NH21,149.74,7.0
O95007,155.34,7.0
Q8N0Y5,156.7,7.0
P47900,143.82,6.0
Q8NGJ5,157.12,7.0
Q9BR26,129.71,6.0
Q8NGG3,155.8,7.0
O76099,145.81,7.0
A8CG34,29.15,1.0
O95371,155.27,7.0
Q9Y5H4,26.91,1.0
O15173,23.18,1.0
P0C851,45.18,2.0
Q7Z443,242.1,11.0
Q7L211,44.72,2.0
Q8IZF5,158.28,7.0
P78536,21.54,1.0
Q9UM44,42.54,2.0
Q9P0W0,18.5,1.0
Q8N6P7,22.15,1.0
O76095,20.33,1.0
Q6PIU1,95.1,4.0
A4D1S0,22.76,1.0
Q3LI63,17.55,1.0
Q16322,103.77,4.0
Q7Z4W3,43.52,2.0
P22460,100.92,3.0
P63252,50.65,2.0
Q96PR1,124.77,6.0
Q3SYF9,20.78,1.0
Q9P2V4,22.65,1.0
Q9NZR2,23.37,1.0
Q86VH4,40.29,2.0
O75023,22.82,1.0
Q9H1U4,42.92,2.0
Q9NX47,84.08,4.0
Q6ZWT7,150.19,6.0
Q9UBM8,19.79,1.0
O15427,255.74,12.0
Q8TDF5,22.96,1.0
Q8IW45,22.56,1.0
Q8N8D7,70.6,3.0
Q9NY59,42.34,2.0
P48145,152.47,5.0
Q9GZP1,44.42,2.0
P30989,134.39,6.0
Q9BZA8,53.54,2.0
Q9Y5F6,20.31,1.0
Q9Y5E3,41.18,2.0
P34995,144.02,6.0
P43116,151.16,7.0
Q8NE79,60.36,3.0
Q9UKF2,23.37,1.0
Q4G1C9,22.36,1.0
Q9UBK5,34.45,1.0
P05981,22.63,1.0
Q9BZV3,23.96,1.0
P01574,21.05,1.0
Q14626,23.14,1.0
Q14627,28.67,1.0
Q9NQX7,23.07,1.0
Q5DT21,14.11,1.0
Q09470,115.86,4.0
Q96RP8,134.23,5.0
Q14643,135.78,6.0
Q8MH63,53.37,2.0
Q9UJQ1,21.88,1.0
P29376,33.22,1.0
Q16873,67.99,3.0
Q8N2G4,17.71,1.0
Q6ZSA7,28.84,1.0
Q8N7C0,29.26,1.0
A6NHS7,28.09,1.0
Q8NAN2,20.27,1.0
Q99735,60.02,2.0
O15403,263.9,12.0
Q8TCY5,22.81,1.0
Q96LB1,157.48,7.0
P20645,23.08,1.0
Q5SSG8,22.89,1.0
Q96QE2,256.1,12.0
Q17RQ9,59.71,2.0
Q96EP9,176.47,7.0
Q8NGR2,144.47,6.0
Q9Y5G9,22.99,1.0
Q5T8D3,21.24,1.0
P26439,20.65,1.0
P41595,157.37,7.0
Q96J66,243.17,11.0
Q9H0C2,63.42,2.0
Q01344,21.9,1.0
Q15053,22.77,1.0
P23229,24.3,1.0
Q9UGI6,136.46,5.0
Q9NR82,115.19,5.0
Q96E93,22.61,1.0
P78508,54.19,2.0
Q8NES3,20.95,1.0
Q15722,152.65,7.0
A6NDA9,19.13,1.0
Q8TF66,22.92,1.0
A0A1B0GVX0,25.42,1.0
P08183,243.19,10.0
Q969Z3,21.65,1.0
Q5VSG8,20.55,1.0
Q7Z434,21.03,1.0
Q14CX5,211.72,10.0
Q5EB52,50.24,1.0
Q5TGZ0,22.96,1.0
Q8NHS3,262.2,12.0
Q2M2H8,22.82,1.0
E2RYF6,33.96,1.0
Q68D85,39.85,2.0
P47883,147.1,7.0
Q6IEV9,156.13,7.0
Q96RD3,153.8,7.0
Q8NGA6,157.56,7.0
Q8NGZ3,150.02,7.0
Q8NHB8,145.23,5.0
Q8NGT5,155.18,7.0
Q8NGQ4,154.23,7.0
Q8NGI0,157.05,7.0
Q9GZM6,149.86,7.0
Q8NH18,153.04,7.0
Q5SWX8,35.23,1.0
Q8NGN2,131.21,6.0
Q9NRC9,18.12,1.0
Q6U736,147.67,7.0
Q9BZF1,17.82,1.0
Q6IF00,153.37,7.0
Q8NGS1,144.65,6.0
Q9H158,23.05,1.0
O95427,301.91,14.0
Q9P291,23.42,1.0
Q9ULI3,26.32,1.0
Q9BXC0,147.0,6.0
Q9BW72,41.02,2.0
A6NNB3,45.72,2.0
Q9Y6J6,22.87,1.0
P04201,157.51,7.0
O60337,312.51,14.0
Q96A59,86.14,3.0
Q29983,21.99,1.0
Q9UQ53,21.84,1.0
Q7RTY1,264.53,12.0
Q92887,337.97,14.0
P60201,92.21,4.0
O95168,18.64,1.0
Q9BT67,63.67,3.0
Q6ZNB6,17.82,1.0
P26715,22.92,1.0
Q8TCU5,88.82,4.0
Q9NPH5,111.51,5.0
O60462,22.35,1.0
P41586,165.51,7.0
Q9UHJ9,108.66,5.0
Q09428,352.03,16.0
Q13639,156.62,7.0
P08588,152.52,7.0
Q9BXJ7,23.0,1.0
Q9H6X2,28.96,1.0
Q7L311,19.19,1.0
Q6ZVL6,35.32,1.0
Q2LD37,27.36,1.0
Q8IWV1,23.13,1.0
Q9UJ96,111.64,5.0
Q7L985,39.06,2.0
Q6JVE6,28.31,1.0
P35410,158.39,7.0
O43772,78.18,3.0
Q495T6,22.2,1.0
Q15049,157.71,7.0
O43451,23.37,1.0
Q96C03,19.94,1.0
Q8NFF2,228.91,11.0
Q02083,21.9,1.0
Q07444,20.6,1.0
Q8WWG1,22.31,1.0
P56373,43.59,2.0
Q8WZ92,149.2,7.0
Q8NGJ8,159.46,7.0
Q8NGL9,156.35,7.0
Q969Y0,22.37,1.0
P0C604,140.94,6.0
A6NHG9,154.53,7.0
Q15615,141.29,7.0
Q8NGY3,134.94,5.0
Q9H346,167.06,8.0
Q9GZK7,152.94,7.0
Q8NH41,154.15,7.0
P0C629,131.23,4.0
Q8NGL0,155.73,8.0
Q8NH53,158.76,7.0
Q9UHM6,147.41,6.0
P41146,154.56,7.0
Q6UWI2,22.68,1.0
Q9UN70,24.32,1.0
O00254,170.85,7.0
Q8N9F0,30.52,1.0
Q6NSJ0,28.33,1.0
Q4KMZ8,74.77,3.0
Q96PH1,138.11,7.0
P08949,21.24,1.0
Q92823,35.31,1.0
Q8NH59,155.81,7.0
Q8NH56,156.68,7.0
Q96E52,45.44,1.0
Q9Y5P0,151.53,7.0
Q8NGS7,170.42,8.0
Q8NG95,154.72,7.0
Q6GTS8,19.26,1.0
Q8NGP2,153.17,7.0
Q8NH70,156.63,7.0
Q9NZP5,152.45,7.0
P34982,154.05,7.0
Q99650,21.36,1.0
Q8NG85,147.31,7.0
Q8N349,150.52,7.0
Q9UN74,19.54,1.0
Q9Y5G4,23.59,1.0
Q9Y5E4,24.12,1.0
Q8N4S7,90.6,3.0
Q9Y5G0,25.37,1.0
Q96NT5,235.01,11.0
Q9UHG2,15.68,1.0
P40967,25.28,1.0
Q9HD43,27.83,1.0
Q7Z419,24.75,1.0
Q6ZWK4,22.67,1.0
Q86T96,23.0,1.0
Q6ZMZ0,53.55,2.0
O95197,62.34,3.0
Q9Y694,200.91,6.0
A6NKX4,249.79,12.0
Q8WUT9,92.49,3.0
Q969I6,220.55,11.0
Q9Y2W3,249.92,11.0
Q9NRX5,219.03,11.0
Q16653,61.54,3.0
Q8N387,23.05,1.0
O15239,22.45,1.0
O95167,20.75,1.0
P56975,45.4,2.0
P47881,149.96,7.0
Q8NGP8,151.95,7.0
Q8NGJ2,175.14,6.0
Q5JRS4,133.03,6.0
A6NMU1,150.04,7.0
Q6IEU7,152.83,7.0
Q8NGG7,145.2,7.0
Q8NGA0,153.33,7.0
O14683,86.27,4.0
P09131,171.52,7.0
Q7RTS5,235.63,10.0
P30953,137.3,6.0
Q8NHA8,145.59,7.0
Q9Y5Y4,153.85,7.0
Q96HS1,16.81,1.0
A0A1W2PS18,42.79,2.0
P81277,16.23,1.0
P48651,192.71,9.0
P34096,20.58,1.0
Q8N9A8,41.88,2.0
Q8NGE0,154.86,7.0
Q8NH90,150.41,7.0
Q8NGN6,153.68,7.0
A6NL26,140.54,6.0
O76100,153.7,7.0
Q8NH50,152.45,6.0
Q8NH76,146.47,7.0
Q8NGN4,151.2,7.0
Q8NGW6,158.94,7.0
P0C7N5,156.62,7.0
Q15391,148.56,7.0
O95047,146.83,7.0
Q96R30,146.26,7.0
Q9Y3N9,153.06,7.0
Q8NGA1,147.97,7.0
Q9H813,29.7,1.0
Q9NZK7,22.1,1.0
P04001,159.21,7.0
O60831,80.61,4.0
P17706,22.17,1.0
P11686,26.94,1.0
Q8TD07,44.39,2.0
Q9H920,109.54,6.0
E7ERA6,20.03,1.0
Q9H1E1,18.06,1.0
Q16799,50.93,2.0
Q9BZV2,261.36,12.0
P0C874,21.08,1.0
Q96GZ6,218.03,10.0
P58511,21.4,1.0
Q14108,43.96,2.0
P21452,158.76,7.0
O00476,187.04,8.0
Q02297,22.58,1.0
P03886,167.92,8.0
Q53FV1,49.77,1.0
Q8NGY9,149.57,7.0
Q96QU1,36.65,1.0
Q6V1P9,25.81,1.0
Q96RD6,86.16,4.0
Q9Y5G2,39.35,1.0
O43688,128.63,6.0
Q8TE99,22.79,1.0
Q96G79,192.18,9.0
P37088,35.16,1.0
Q14242,22.87,1.0
Q92185,25.91,1.0
Q8NGX2,153.15,7.0
Q8NGM1,153.65,7.0
Q9Y5P1,158.05,7.0
Q8NGL7,146.28,6.0
Q9NZP0,153.09,7.0
P30954,149.76,7.0
Q8NGH6,152.52,7.0
Q15617,150.35,7.0
Q8NGD5,155.28,7.0
A6NCV1,151.44,7.0
Q8NGZ0,145.44,6.0
O15243,86.46,4.0
Q96R27,156.14,7.0
Q8N6Y1,40.72,2.0
P28328,34.31,1.0
Q9H3S5,190.32,8.0
P09619,39.62,1.0
Q86VD9,166.28,4.0
Q8TCW9,154.59,7.0
Q6ZW05,241.92,10.0
D3DTV9,21.44,1.0
Q16647,18.03,1.0
O00391,35.29,1.0
O75783,138.47,7.0
Q8N4F7,106.33,6.0
Q68DV7,34.99,2.0
P41440,235.32,11.0
Q7RTP0,182.17,8.0
P48146,156.11,7.0
P58400,40.01,2.0
Q14973,182.23,8.0
Q15743,153.36,7.0
P47888,149.54,7.0
Q8NHA4,149.45,7.0
Q96R67,134.99,6.0
Q8NGJ9,156.98,7.0
Q8NGI6,139.87,7.0
Q8N146,138.72,6.0
A6NGY5,146.3,7.0
Q8NGT7,151.57,7.0
Q8NGL3,159.66,7.0
Q8NGJ4,158.59,7.0
Q8NH48,152.23,7.0
Q9H210,152.28,7.0
P47884,163.15,7.0
O14718,159.08,7.0
P47887,137.2,6.0
Q8NGR8,140.64,7.0
Q8NGT9,136.74,6.0
Q15546,129.1,6.0
Q13563,154.37,7.0
Q92508,706.63,31.0
Q9UBM1,92.73,4.0
Q9UKJ0,22.81,1.0
Q04941,81.67,4.0
P04156,44.73,2.0
Q96AD5,32.72,1.0
Q86XR5,34.74,1.0
Q9UKY0,34.58,2.0
O43490,119.48,5.0
Q92729,28.62,1.0
Q9BVG9,155.26,7.0
Q6ZRI8,19.95,1.0
Q9NSD7,150.57,7.0
Q7Z429,148.15,7.0
P42702,34.05,1.0
O94898,27.97,1.0
O75197,42.34,2.0
Q96DS6,45.5,2.0
Q14165,28.32,1.0
Q6UX53,19.95,1.0
O43674,22.78,1.0
Q96PE5,22.63,1.0
Q8NGT1,156.13,7.0
Q96R84,114.63,5.0
Q6IEZ7,140.06,6.0
Q8TAB3,38.13,1.0
Q9NZQ7,23.81,1.0
Q9HCM2,43.71,1.0
Q8NEB5,119.34,6.0
Q96D59,22.77,1.0
Q8N6D2,44.4,2.0
Q96EX2,76.64,3.0
A0A087WTH5,22.6,1.0
P09848,22.89,1.0
P10253,20.67,1.0
P16109,24.71,1.0
Q86VH5,40.78,2.0
Q16820,25.55,1.0
P0DKB6,34.07,2.0
Q86Y39,61.04,4.0
Q8N912,21.56,1.0
Q8NHA6,156.83,7.0
Q8NGI7,157.72,7.0
Q8NGD3,147.17,7.0
Q8NGQ6,150.01,7.0
Q96RD0,164.67,8.0
Q9NXG6,22.75,1.0
Q8TDS5,140.62,6.0
Q9Y5H7,28.45,1.0
Q9H8P0,133.42,6.0
P07998,19.62,1.0
P03905,260.65,10.0
Q8NGH8,147.18,6.0
Q68BL8,23.45,1.0
A6NET4,120.71,5.0
A6NNC1,21.52,1.0
P51575,44.77,2.0
Q8NGY0,155.47,7.0
Q8NGT2,152.63,7.0
Q8NGJ0,153.73,7.0
Q6IFH4,151.78,7.0
Q6IF42,134.07,5.0
P08100,157.99,7.0
Q9Y5I1,19.43,1.0
Q9H490,225.81,9.0
P16234,59.14,3.0
Q8TEM1,40.47,2.0
Q9NWW9,26.95,1.0
Q9NP85,22.93,1.0
P47804,151.33,7.0
Q96K19,66.57,3.0
Q9HCK4,21.94,1.0
Q9H228,151.82,7.0
P51170,42.52,2.0
Q9H2B4,194.31,9.0
Q9NPR2,23.72,1.0
Q9NY72,34.34,1.0
Q6ZMJ2,21.46,1.0
Q68DH5,198.86,9.0
P55344,89.32,4.0
Q9UIQ6,20.74,1.0
Q9GZU1,122.88,5.0
Q99705,147.16,7.0
Q5J8X5,83.97,4.0
Q96N66,159.83,5.0
P59773,21.01,1.0
Q9NUT2,87.75,3.0
Q09327,20.13,1.0
O15375,264.16,12.0
O60669,241.1,11.0
Q9UHE5,29.94,1.0
Q99435,16.09,1.0
Q15223,42.75,2.0
Q8N130,230.87,11.0
Q8NGB8,151.77,7.0
Q8NH02,143.1,6.0
Q8NGK4,158.41,7.0
A6NM76,136.39,7.0
Q8N162,137.8,6.0
Q5GAN6,22.47,1.0
Q8TBB6,310.09,14.0
Q96FL8,280.6,13.0
Q8TCU3,254.61,12.0
Q8WUG5,236.0,11.0
Q9UN42,24.75,1.0
O60469,22.09,1.0
P49961,59.59,2.0
Q9NQZ7,46.46,2.0
P0C2L3,22.92,1.0
Q9NVH0,20.57,1.0
Q96MZ0,26.05,1.0
P13224,22.67,1.0
Q9H3H5,206.03,10.0
A6NH11,22.04,1.0
Q68CP4,253.28,12.0
P25021,155.73,7.0
Q9H2X8,37.43,1.0
Q9BX67,23.71,1.0
P17301,34.94,1.0
Q9H511,20.9,1.0
P16389,131.32,5.0
Q9UJ90,22.73,1.0
Q8TDN1,116.73,3.0
Q9UHI5,262.39,12.0
Q6P9F7,88.04,4.0
O60312,213.77,10.0
Q494W8,98.94,5.0
O00574,155.52,7.0
Q86UF2,21.6,1.0
P12074,16.29,1.0
P57773,73.51,2.0
P00167,21.21,1.0
Q9H4D0,24.11,1.0
Q9NZU0,30.8,1.0
Q8TBE3,24.01,1.0
Q68CQ7,20.33,1.0
Q9H3K2,140.02,6.0
Q16099,84.81,4.0
Q96P66,158.89,7.0
P51674,93.46,4.0
P06028,44.24,2.0
Q99075,35.29,1.0
Q02747,18.29,1.0
Q9H3N8,156.72,7.0
P48723,18.38,1.0
P14778,21.47,1.0
Q6WRI0,18.45,1.0
Q86WN2,16.8,1.0
P42701,23.5,1.0
Q5H943,17.24,1.0
Q13241,22.31,1.0
Q9UNX9,64.54,3.0
Q12791,136.25,6.0
Q14500,64.72,3.0
Q9HB14,129.52,6.0
Q9UKF5,24.54,1.0
P30533,19.83,1.0
Q6HA08,15.66,1.0
P24462,28.84,1.0
P15509,22.7,1.0
Q6ZWL3,26.13,1.0
Q12887,140.77,4.0
Q96KN9,88.83,4.0
O15263,21.91,1.0
O00548,32.68,1.0
P27487,24.22,1.0
A2RU67,24.92,1.0
P49771,27.38,1.0
Q9UPI3,254.96,12.0
P23945,154.22,7.0
Q9H936,64.51,1.0
O00155,157.64,7.0
P43304,19.84,1.0
Q9ULK0,78.97,3.0
O95838,151.02,5.0
A1L0T0,26.44,1.0
Q8TDB8,238.0,10.0
Q01638,28.08,1.0
P98153,27.24,1.0
Q8TDY8,15.55,1.0
Q8NAC3,23.3,1.0
Q8IZA0,33.83,1.0
P26010,22.34,1.0
Q9HCM3,45.53,2.0
Q9Y624,43.81,2.0
Q92806,59.01,3.0
Q68G75,22.16,1.0
Q9Y693,91.17,4.0
Q7Z7J7,90.61,4.0
Q5XG99,22.92,1.0
P98164,31.39,1.0
O14548,22.07,1.0
Q6ZPD8,41.11,1.0
Q1HG44,113.5,5.0
Q9NR61,26.25,1.0
Q9BUN8,106.36,5.0
Q9C0D9,203.26,10.0
O14681,118.84,6.0
Q9H0X4,22.11,1.0
Q96RD9,23.46,1.0
Q14332,153.03,6.0
P27469,21.98,1.0
O00258,64.3,3.0
Q6UXV0,20.86,1.0
Q49SQ1,156.18,7.0
Q8N0V5,20.84,1.0
Q86UL3,86.59,3.0
Q9NY64,262.52,12.0
Q9Y662,22.33,1.0
O95976,43.64,2.0
Q8IU54,18.09,1.0
P09912,69.62,2.0
D3W0D1,25.9,1.0
P28221,153.89,7.0
U3KPV4,20.3,1.0
Q08828,242.84,9.0
Q9Y672,223.01,10.0
Q9H5J4,132.03,6.0
Q6UWT2,22.65,1.0
O75356,32.13,2.0
Q96LL3,21.67,1.0
O15552,155.82,7.0
P31512,16.98,1.0
Q8N539,22.92,1.0
Q8N292,22.79,1.0
P35575,182.21,9.0
Q86XX4,22.56,1.0
Q9ULV1,169.51,7.0
Q16478,71.31,3.0
P35367,156.78,7.0
Q6UWB1,26.32,1.0
Q3MIP1,44.41,2.0
P13612,23.39,1.0
Q9ULH0,89.73,4.0
Q9NPI9,51.56,2.0
O95477,287.74,11.0
Q99758,257.07,11.0
Q9Y653,177.47,7.0
P03950,18.88,1.0
Q9NZJ5,28.04,1.0
Q6UX65,129.5,6.0
P0DPD6,20.27,1.0
P54852,89.89,4.0
Q9UF33,30.1,1.0
Q6UXG2,18.47,1.0
O75460,33.4,1.0
Q9Y5Q0,69.72,3.0
Q9Y256,132.27,6.0
Q96K12,51.11,2.0
Q96LA6,16.22,1.0
Q9Y680,13.8,1.0
P49326,22.19,1.0
Q9UBS5,153.94,7.0
Q11128,20.41,1.0
Q96F15,22.56,1.0
Q6ZVE7,84.46,4.0
Q7Z601,155.22,7.0
Q99679,158.53,7.0
Q14831,143.35,6.0
P40197,22.93,1.0
P32249,155.13,7.0
I3L273,23.55,1.0
P48167,84.67,4.0
O95528,261.51,12.0
P49019,151.81,7.0
Q14CZ8,22.94,1.0
Q96D96,71.0,3.0
Q9Y6W8,23.64,1.0
P10145,19.23,1.0
P16871,22.67,1.0
P26012,22.51,1.0
P05556,23.2,1.0
P06213,50.22,2.0
Q9NZN1,21.08,1.0
Q9UMD9,22.52,1.0
P01909,22.39,1.0
Q9UNE0,23.52,1.0
P29320,24.84,1.0
Q9NQ60,22.61,1.0
Q9HBU6,24.92,1.0
O14638,22.5,1.0
P98073,23.05,1.0
Q96GL9,22.92,1.0
Q17R55,37.15,2.0
P08620,17.75,1.0
Q9Y5Y0,237.35,10.0
Q04609,22.9,1.0
Q9HCQ5,20.61,1.0
O43603,154.33,7.0
P25089,158.54,7.0
Q9NU53,25.14,1.0
O00270,143.03,6.0
Q6P9A2,22.16,1.0
P11169,237.74,10.0
Q9Y4L1,22.3,1.0
Q969P0,24.59,1.0
O75144,22.55,1.0
Q8IZI9,18.9,1.0
P32942,24.43,1.0
P13598,23.14,1.0
P05107,22.96,1.0
Q8N743,22.94,1.0
Q14953,25.33,1.0
Q86Z14,22.42,1.0
Q9Y257,129.36,6.0
Q8TAF8,92.74,4.0
P08684,49.96,2.0
Q99062,22.9,1.0
A2RUU4,20.17,1.0
Q9H7T0,68.38,3.0
P17302,89.03,4.0
Q969M2,87.16,3.0
Q53GD3,227.87,10.0
O43246,320.06,14.0
P52429,23.63,1.0
O75911,23.04,1.0
Q9H6D8,23.38,1.0
O60883,133.96,4.0
Q9H1C3,28.17,1.0
P18507,89.14,4.0
Q9BXC1,157.69,7.0
Q9Y2T5,155.99,7.0
P18505,85.33,4.0
Q96P69,130.94,6.0
P41594,139.16,6.0
O75388,155.31,7.0
Q7Z602,158.86,7.0
O43424,79.29,3.0
Q9NZH0,170.62,8.0
P43220,152.65,7.0
Q6UXU4,88.7,4.0
P11166,254.84,12.0
A8MV81,40.44,2.0
P13164,46.67,2.0
Q9NRM6,23.59,1.0
Q6GPH6,28.27,1.0
Q9Y287,22.27,1.0
Q6UXK2,23.67,1.0
Q8IYS2,40.77,2.0
P30542,158.38,7.0
Q9H1Z8,22.27,1.0
O95674,170.22,8.0
Q9ULG6,20.1,1.0
A8K4G0,21.93,1.0
Q6UXN8,22.71,1.0
Q9UHC6,26.52,1.0
P51788,252.95,12.0
A0PK11,70.98,3.0
A0A1B0GTU2,21.16,1.0
P61073,150.78,7.0
P17538,18.12,1.0
Q96SL1,256.07,12.0
P37059,54.45,2.0
Q9NPR9,149.41,7.0
P0CG08,197.12,9.0
Q14789,21.06,1.0
Q8IZP7,18.59,1.0
Q6MZM0,44.02,2.0
Q93033,23.22,1.0
Q9HBE5,20.26,1.0
Q8NFR9,25.65,1.0
Q6ZS62,23.82,1.0
Q6NT55,39.87,1.0
Q9NSK7,24.04,1.0
O95196,28.32,1.0
Q6PEY0,89.82,4.0
Q6ZRH7,31.9,1.0
Q8NCS7,216.29,8.0
Q8WVC6,22.16,1.0
Q9Y2G8,39.24,1.0
Q9Y5T4,20.33,1.0
Q14126,42.38,2.0
Q14697,20.11,1.0
Q9UP38,156.91,7.0
P21462,156.69,7.0
Q8N1C3,87.41,4.0
Q5UAW9,155.05,7.0
Q9NS66,156.69,7.0
O43194,153.17,7.0
B0YJ81,103.2,4.0
Q9P035,111.03,5.0
Q9UGQ3,242.55,12.0
Q16661,18.42,1.0
P04439,30.44,1.0
Q86UP2,22.71,1.0
P52849,21.26,1.0
Q16517,22.5,1.0
Q8N0W4,45.8,2.0
O94856,31.35,1.0
Q8IZ57,45.82,2.0
Q9Y328,22.77,1.0
P03915,310.18,15.0
P0DN81,145.66,7.0
Q9UGF6,148.93,7.0
Q8NGE8,133.55,6.0
Q8NGX5,154.89,7.0
Q8NH05,155.03,7.0
Q8NGK2,142.51,5.0
Q8NGS6,169.46,8.0
Q8NGR4,147.57,7.0
A6NF89,151.69,7.0
Q8NG75,158.37,7.0
Q8NG84,153.66,7.0
Q93086,32.37,1.0
Q8NH10,151.93,7.0
P0DN77,159.21,7.0
Q8NGR3,154.23,7.0
Q08174,23.45,1.0
O60330,30.06,1.0
Q8TDX9,260.18,12.0
Q9UMS5,147.14,6.0
Q9HBU9,54.82,2.0
A0A0B4J2F0,22.14,1.0
Q9Y4D7,36.56,1.0
Q8N2A8,21.83,1.0
Q8TDU9,153.42,7.0
Q96GF1,40.19,2.0
Q9ULF5,153.83,7.0
Q14524,462.44,21.0
Q9H5Y7,23.6,1.0
Q9UHQ9,22.13,1.0
Q8NGC2,135.1,6.0
Q8IXE1,153.21,7.0
Q8NGD2,151.54,7.0
Q8NGY2,139.26,6.0
A6NMS3,114.22,4.0
Q9UKL2,164.12,7.0
Q9H339,156.11,7.0
Q8NGZ2,145.26,6.0
Q8NGP9,154.49,7.0
Q8NGG0,152.97,7.0
Q8NGQ1,152.48,7.0
P59922,153.52,7.0
Q6IE37,18.75,1.0
Q6UXB8,26.29,1.0
Q96RV3,262.15,10.0
Q92824,27.01,1.0
Q9BRB3,123.96,4.0
Q96FM1,139.36,7.0
Q9HCN3,111.57,4.0
Q9NZM6,154.69,6.0
Q9P0L9,133.46,5.0
Q9UMR5,18.98,1.0
P50876,22.6,1.0
Q8N8N0,22.84,1.0
Q9H6Y7,33.26,1.0
Q9BXP2,257.53,10.0
Q8N697,268.8,13.0
Q8TCC7,201.47,8.0
Q86VL8,276.73,12.0
Q495M3,228.46,10.0
Q9UGP8,66.31,3.0
Q8IY50,199.85,9.0
O95754,22.99,1.0
Q9UI33,467.0,21.0
Q92537,45.49,2.0
P31391,154.77,7.0
Q9BXA5,153.45,7.0
Q9UBS9,25.09,1.0
Q9Y5E1,42.42,2.0
Q9Y2B2,20.46,1.0
P15309,20.0,1.0
P43115,147.12,6.0
P23284,20.43,1.0
Q16821,25.44,1.0
Q9NRZ7,82.44,3.0
Q9HBH5,21.57,1.0
O60895,26.4,1.0
Q96AA3,256.02,12.0
Q02161,225.29,10.0
Q99500,157.22,7.0
Q9Y2P5,47.27,1.0
P48029,262.47,12.0
Q14542,237.0,11.0
P78383,158.76,8.0
Q9GZN6,253.46,10.0
Q96CQ1,55.25,2.0
Q96N87,270.72,13.0
Q9P283,18.94,1.0
Q8N5G0,21.55,1.0
A6NMB1,22.77,1.0
Q9Y5M8,23.25,1.0
Q5JXA9,27.25,1.0
P0C623,141.63,7.0
Q8NGX9,153.41,7.0
Q8NH89,148.15,7.0
Q15620,156.61,7.0
Q8NH42,152.91,7.0
Q8NGB4,135.91,6.0
Q8NGG6,151.91,7.0
Q8NH67,168.35,7.0
Q8NG94,152.1,7.0
Q5VU65,43.24,2.0
P41217,48.03,2.0
Q8NGU4,118.17,5.0
Q8TEZ7,147.54,6.0
Q92521,180.01,7.0
Q3MUY2,44.62,2.0
Q92535,156.13,8.0
Q9UKJ1,22.84,1.0
P07202,32.46,1.0
Q9H310,236.81,12.0
Q9NX52,139.06,6.0
Q01974,27.55,1.0
Q9P2E9,22.07,1.0
Q6YBV0,217.3,10.0
Q9H9B4,88.2,3.0
Q07699,23.19,1.0
P0DL12,21.47,1.0
A0A096LP01,20.16,1.0
Q9H5K3,22.22,1.0
Q12770,155.93,7.0
Q9UNP4,20.35,1.0
Q969W0,38.6,2.0
Q96T83,248.43,12.0
Q8NC67,28.46,1.0
A6NFY4,113.32,5.0
P80303,18.91,1.0
A6ND48,138.72,5.0
A6NKK0,149.38,7.0
Q96R54,153.99,7.0
A6NM03,154.7,7.0
P0C646,158.94,7.0
Q8NG78,152.52,6.0
Q8NGN7,146.24,7.0
Q8NGS8,153.6,7.0
Q9H341,172.79,8.0
Q8NH87,142.16,7.0
P04000,159.24,7.0
Q8NGR9,146.7,7.0
Q8NF37,21.83,1.0
Q9P2E7,25.46,1.0
Q9Y5E8,23.09,1.0
Q9Y5F7,33.33,1.0
Q9UN71,25.38,1.0
A5PLL7,58.68,3.0
Q9Y5H2,34.98,2.0
P63135,61.69,3.0
Q6P1J6,22.77,1.0
O75915,76.44,3.0
O14684,51.92,2.0
M0QZC1,23.89,1.0
Q96LT4,132.47,6.0
P30531,270.27,12.0
Q08357,200.85,9.0
P0CK96,159.19,8.0
Q86VW1,255.05,12.0
Q9UN76,263.99,12.0
P31213,124.98,6.0
P40879,230.72,11.0
Q13591,22.35,1.0
Q8WWX9,19.68,1.0
Q12884,22.6,1.0
P35499,498.41,21.0
A0A0U1RRN3,16.93,1.0
Q9UBI4,22.56,1.0
Q9UNK0,22.66,1.0
Q9BX79,204.36,8.0
Q9Y5F3,34.14,1.0
P23942,78.29,3.0
Q8IYL9,149.6,7.0
Q6UX71,23.29,1.0
Q9H902,45.12,2.0
Q8NFJ5,154.29,7.0
Q15109,41.96,2.0
Q6ZVN8,20.8,1.0
Q8N7C7,22.01,1.0
Q9NXI6,41.98,2.0
O14975,65.69,3.0
Q6ZQQ2,20.95,1.0
Q7RTT9,217.15,10.0
A6NNN8,233.92,9.0
Q9Y2D2,170.4,8.0
Q7Z769,190.98,9.0
Q2M3R5,204.82,10.0
Q9BXS9,204.08,9.0
P47872,150.67,5.0
A6NKW6,30.22,1.0
O15389,23.22,1.0
Q587I9,86.95,4.0
O43173,23.76,1.0
Q9NSC7,21.91,1.0
Q86T20,22.33,1.0
K7EJ46,22.61,1.0
Q8N474,19.35,1.0
Q9Y5W8,39.69,2.0
Q16623,21.4,1.0
Q3MIW9,43.27,2.0
Q9H3R2,22.88,1.0
Q9BRK3,21.77,1.0
O95139,18.67,1.0
Q9GZQ4,154.43,7.0
O60391,86.19,4.0
O43908,22.07,1.0
O60500,21.96,1.0
Q5TZ20,153.67,7.0
O43749,151.47,7.0
Q8IY17,23.47,1.0
Q8TBJ4,122.07,6.0
Q7Z6L0,45.43,2.0
Q9HCU5,43.62,2.0
Q96NR3,260.53,12.0
Q12913,23.29,1.0
O60894,28.67,1.0
Q8TC41,23.68,1.0
Q96LZ7,19.44,1.0
Q03395,85.54,4.0
Q99942,40.69,2.0
Q13433,136.27,6.0
O43868,257.57,12.0
P78382,172.06,8.0
Q99808,229.28,11.0
Q9NQQ7,191.7,8.0
Q9NSD5,259.28,12.0
Q9NY46,480.27,20.0
Q8IWT1,46.61,1.0
O43761,82.51,4.0
P46721,256.48,12.0
Q9Y5W7,39.18,2.0
Q9P0Z9,14.29,1.0
Q9HB89,153.42,7.0
Q92982,45.73,2.0
Q9GZU5,23.38,1.0
Q96R08,147.87,7.0
Q8N148,152.89,7.0
Q8NGH7,170.46,8.0
Q8NGK6,153.32,7.0
Q8NGP3,136.84,6.0
Q8WZ84,160.66,8.0
Q8NGJ6,163.67,7.0
Q9BRQ5,79.47,3.0
Q8NGU1,133.96,6.0
O43614,150.42,7.0
A6NFC9,88.45,4.0
Q9NXK6,129.34,6.0
Q9Y5F2,32.89,1.0
Q8IY49,129.81,6.0
Q9H6A9,235.11,11.0
P98161,242.41,10.0
Q5R3F8,23.71,1.0
Q2VWP7,29.3,1.0
Q9Y3E5,22.22,1.0
Q8N4K4,23.43,1.0
Q9NS64,22.93,1.0
Q9NPE6,40.0,1.0
O75324,22.69,1.0
Q6NZ63,72.17,3.0
Q9NRC1,63.79,2.0
Q6J4K2,287.79,13.0
Q8N699,45.52,2.0
Q8NGZ9,134.47,6.0
P47893,127.54,5.0
Q15622,153.33,7.0
Q96R69,149.88,7.0
Q8NGP6,132.37,6.0
Q8NGQ2,150.59,7.0
Q8NGN5,153.89,7.0
Q8NGE3,142.59,6.0
O14581,154.81,7.0
Q9H342,131.72,6.0
Q8NGJ3,156.29,7.0
A6NDL8,140.01,7.0
Q8NGI2,154.92,7.0
Q16625,113.43,5.0
Q9HC10,23.06,1.0
Q86UW1,151.81,7.0
Q9NRP0,66.65,3.0
Q96R45,149.51,7.0
Q9BPV8,129.56,6.0
O95918,152.64,7.0
Q9P0S3,50.95,2.0
Q8NHP8,22.71,1.0
Q15166,15.53,1.0
Q13635,256.21,12.0
Q93091,17.87,1.0
A0PJK1,306.24,14.0
P34925,27.18,1.0
O43760,88.39,4.0
Q9BWV2,21.55,1.0
P24821,15.69,1.0
Q9Y2W6,16.08,1.0
Q86WK9,144.69,6.0
Q6TCH7,150.56,7.0
Q9HC56,30.72,1.0
Q504Y2,21.95,1.0
Q7Z7B1,266.79,12.0
P57054,44.98,2.0
Q9NUQ2,57.24,3.0
Q32ZL2,125.73,6.0
Q5VZY2,120.58,6.0
Q00765,48.49,2.0
Q86VR2,58.7,3.0
Q9UGH3,229.79,10.0
Q8IXU6,192.49,9.0
Q3SXP7,43.61,2.0
O75920,22.68,1.0
Q99250,461.73,17.0
Q92629,22.88,1.0
O15127,89.35,4.0
Q13326,22.91,1.0
Q86VZ5,119.35,6.0
Q92543,43.17,2.0
Q9NS82,264.42,12.0
O95264,84.11,4.0
P30926,88.79,4.0
P28335,179.77,8.0
Q9Y4W6,38.84,2.0
Q96PN6,82.25,2.0
O75129,45.88,2.0
P54709,22.83,1.0
P03928,19.27,1.0
Q9NPZ5,19.53,1.0
Q9NY97,15.37,1.0
Q9BY67,23.23,1.0
Q8TDX6,22.78,1.0
Q9C0A0,22.98,1.0
P56746,88.54,4.0
Q8N6F1,89.9,4.0
Q96PD7,35.41,1.0
Q8IXB1,18.86,1.0
Q92637,22.86,1.0
Q7L513,20.65,1.0
Q14318,20.33,1.0
Q9NQR9,165.26,7.0
Q96N19,163.64,7.0
O60478,156.66,7.0
P19526,27.42,1.0
Q9NS71,38.29,1.0
Q99678,150.61,7.0
Q15760,155.2,7.0
Q13002,71.98,3.0
Q6P4E1,22.56,1.0
Q8N428,19.19,1.0
Q30201,25.7,1.0
Q6Q4G3,23.88,1.0
O75185,144.83,6.0
O60238,19.97,1.0
P55283,23.35,1.0
Q9BXI9,19.79,1.0
Q9P296,157.8,7.0
Q99643,60.98,3.0
Q9HA72,83.27,4.0
Q96SQ9,47.31,2.0
Q96P56,131.88,6.0
Q96LL9,17.2,1.0
P06340,23.32,1.0
P31994,23.23,1.0
P57057,253.62,12.0
Q9BUM1,157.15,5.0
Q96DB9,19.99,1.0
Q9H0Q3,40.73,2.0
O95395,18.94,1.0
Q6UWK7,17.29,1.0
P36268,58.39,2.0
O43464,21.42,1.0
P30519,19.58,1.0
Q86SQ4,173.37,8.0
Q9P0K1,25.09,1.0
P51693,21.58,1.0
Q06481,45.37,2.0
Q5H9R4,18.14,1.0
Q15582,15.09,1.0
Q9Y5Z0,30.43,1.0
Q6Y288,22.1,1.0
O96024,20.2,1.0
Q10589,25.51,1.0
P10415,21.77,1.0
Q13698,432.26,19.0
Q96EE4,21.52,1.0
P29965,22.83,1.0
Q16280,88.67,4.0
Q9NS75,155.64,7.0
Q6UW02,25.44,1.0
P07333,37.54,1.0
Q8NEC5,128.37,5.0
Q9H295,126.28,6.0
Q8N608,22.38,1.0
Q9UGQ2,69.34,3.0
O60755,150.04,7.0
O75072,20.84,1.0
O15218,155.87,7.0
O14764,91.14,4.0
P42261,80.44,3.0
Q14416,146.53,7.0
Q9GZN0,156.07,6.0
P51124,20.74,1.0
Q9NQ84,174.08,8.0
Q92896,23.93,1.0
Q8NI17,23.35,1.0
Q9BZC7,289.13,12.0
P34969,154.44,7.0
Q96HY6,18.61,1.0
P42658,22.58,1.0
Q8WZ79,20.16,1.0
Q15125,113.18,5.0
Q96KR6,56.94,3.0
P22794,38.11,2.0
B6SEH9,46.44,2.0
Q8NGA4,109.64,5.0
O94923,19.87,1.0
O00591,84.22,4.0
Q96P67,135.21,6.0
P47871,156.72,7.0
Q9UL51,99.05,2.0
A8MUP6,87.57,4.0
P36896,35.92,1.0
A6NL99,131.4,6.0
A6NF34,36.77,1.0
Q76LX8,17.9,1.0
Q04656,175.32,7.0
Q9P0B6,18.72,1.0
Q6ZU64,16.23,1.0
Q8N7P3,87.24,4.0
Q9BSJ5,18.54,1.0
Q6P3S1,21.01,1.0
P28068,24.15,1.0
Q7Z5P4,18.7,1.0
Q6Y2X3,43.92,2.0
Q53EP0,22.6,1.0
Q14435,19.03,1.0
Q9P0K9,26.84,1.0
O75084,161.5,7.0
Q99795,22.88,1.0
Q14832,146.24,6.0
O15529,151.33,7.0
Q9NZD1,155.09,7.0
P42263,88.15,4.0
Q8NFN8,153.96,7.0
Q86SR1,20.77,1.0
Q96MM7,34.97,1.0
Q9NRM0,267.57,12.0
Q6P1K1,87.49,4.0
P40145,240.72,9.0
P35348,152.39,7.0
O95622,260.64,11.0
Q16790,26.92,1.0
O75881,50.86,2.0
Q07325,21.22,1.0
A6NN92,88.95,4.0
Q30KQ6,22.44,1.0
Q8N0W7,44.71,2.0
Q96A11,20.93,1.0
P59646,28.79,1.0
P58549,21.55,1.0
P25090,155.3,7.0
Q6ZMI3,19.76,1.0
P24046,87.35,4.0
Q8NGU9,146.68,5.0
Q9UPC5,151.31,7.0
P49863,20.28,1.0
Q9BYF1,23.24,1.0
O00400,230.06,11.0
P43681,89.57,4.0
Q9UKU0,22.46,1.0
Q0VDE8,22.82,1.0
Q6UWY0,18.22,1.0
Q8NB49,178.53,7.0
A0A087X1C5,45.98,2.0
Q14118,27.38,1.0
O00341,199.85,7.0
Q9NXB9,132.24,7.0
Q9N2J8,75.73,2.0
P19957,22.54,1.0
Q9Y282,42.13,2.0
Q6P995,26.37,1.0
O14842,151.17,7.0
P10767,23.04,1.0
P06734,22.87,1.0
A2A2Y4,23.36,1.0
Q99999,21.98,1.0
Q11130,22.05,1.0
Q10981,38.04,1.0
Q8TB36,33.68,2.0
P0CG01,18.01,1.0
P46089,155.94,7.0
P51810,132.51,6.0
Q9Y3Q4,97.34,2.0
P14210,16.39,1.0
O15432,64.49,3.0
Q5IJ48,38.41,2.0
Q8N1L4,31.51,1.0
O43169,21.63,1.0
Q96RT6,16.81,1.0
Q8N4M1,204.09,8.0
P13762,29.65,1.0
P21917,161.95,7.0
P54760,26.11,1.0
Q5MY95,54.6,2.0
Q8NFU4,14.85,1.0
Q8N6M3,108.0,5.0
F2Z333,23.03,1.0
Q9P2B2,22.24,1.0
Q9HCC8,133.29,6.0
P14867,84.71,4.0
Q9UJ14,22.82,1.0
O43292,161.99,7.0
Q13003,73.71,3.0
Q8TDV5,157.25,7.0
O15354,159.76,7.0
Q8IZ08,156.26,7.0
Q8NBJ4,22.56,1.0
Q6IS24,19.31,1.0
Q8IVJ8,22.01,1.0
P04798,26.19,1.0
Q8N436,18.35,1.0
P02775,17.77,1.0
Q9UKL4,87.31,4.0
P49447,133.44,6.0
Q6IAN0,43.24,1.0
Q9NYP7,146.68,7.0
P01588,20.15,1.0
Q8IUS5,27.29,1.0
P0DMC3,20.6,1.0
Q15768,42.27,2.0
Q96ND0,23.96,1.0
O95864,83.76,4.0
Q15884,43.24,2.0
Q9BRQ8,20.06,1.0
Q9BYC5,21.42,1.0
P47775,151.93,7.0
B7ZAQ6,197.12,9.0
O00461,21.5,1.0
P04921,22.91,1.0
P51841,43.9,2.0
Q9GZZ6,89.68,4.0
Q99965,22.77,1.0
Q9UKB5,22.19,1.0
P33121,19.92,1.0
Q9Y673,35.63,1.0
Q4KMQ2,176.47,8.0
Q8TCG5,45.24,2.0
P22680,22.85,1.0
P08034,89.08,4.0
Q8WWI5,212.68,9.0
Q5W186,16.61,1.0
Q15392,43.75,2.0
Q5T6X4,19.9,1.0
Q6GMR7,20.78,1.0
P35556,18.52,1.0
Q9Y2H6,22.88,1.0
P36269,23.52,1.0
Q9NYM4,154.27,7.0
Q99527,151.68,7.0
Q8TDU6,155.09,7.0
Q86V85,149.17,7.0
Q7Z3F1,342.36,15.0
Q8TBA6,22.47,1.0
Q96P88,110.83,5.0
Q8IZF4,156.62,7.0
Q93084,162.27,7.0
Q8NFU0,73.7,2.0
Q8NFL0,19.7,1.0
Q9HBT6,35.13,1.0
C9JDP6,82.29,4.0
O95484,101.91,4.0
Q9UJA2,87.01,3.0
Q16832,32.0,1.0
O60427,84.48,3.0
Q8TDW7,25.42,1.0
Q969F0,15.51,1.0
Q86VR8,21.0,1.0
Q9BVA6,21.62,1.0
P22607,45.63,2.0
A6NGU5,55.81,2.0
Q4G0N0,19.4,1.0
Q8N6U8,156.8,7.0
Q7Z4T8,22.02,1.0
P54707,193.98,8.0
P98198,199.17,9.0
Q5T7R7,23.23,1.0
Q8WYK1,25.39,1.0
O14967,23.08,1.0
P36383,84.27,4.0
Q9Y394,44.12,1.0
P24530,157.04,7.0
Q9NX77,44.83,2.0
P21709,27.38,1.0
Q7L5A8,80.63,4.0
Q9NYL4,27.11,1.0
Q99518,21.1,1.0
Q8N4A0,22.39,1.0
O00144,159.38,7.0
Q8WWB7,48.07,2.0
Q9NZC3,29.79,1.0
P31644,89.23,4.0
Q9HCN6,19.61,1.0
P42262,88.02,4.0
Q8N3T1,21.04,1.0
P05067,22.73,1.0
P25106,155.01,7.0
P46098,92.28,4.0
Q9H6U8,196.22,8.0
P25100,151.59,7.0
Q9NZK5,19.3,1.0
P10632,37.17,2.0
Q9Y6N1,20.67,1.0
O75718,13.7,1.0
Q9NYJ7,23.5,1.0
P05538,40.44,2.0
P35462,154.09,7.0
Q9H4I9,19.44,1.0
P29323,30.28,1.0
P54762,19.12,1.0
Q15303,40.92,2.0
Q9Y2C4,22.2,1.0
A8MVW0,43.3,2.0
Q5VUB5,25.35,1.0
A0FGR8,29.52,1.0
O43826,217.04,11.0
Q96IV6,115.02,4.0
P22083,21.85,1.0
P10912,23.06,1.0
Q92847,156.97,7.0
P48169,93.25,4.0
Q9BZJ8,154.45,7.0
Q9HCJ1,191.23,8.0
Q9NPU4,22.82,1.0
Q9H0B8,18.16,1.0
Q7Z4L0,22.5,1.0
Q5T442,84.92,4.0
Q9H2A7,37.33,1.0
P80370,25.44,1.0
A7MBM2,245.08,11.0
Q8NFT8,30.34,1.0
Q8N1N2,22.68,1.0
O94777,45.84,2.0
Q69384,73.63,2.0
Q9BW60,146.69,7.0
Q9GZR5,144.72,7.0
Q6ZU69,22.72,1.0
A5D6W6,127.81,6.0
Q9NZU1,23.66,1.0
O95866,22.56,1.0
Q96RP7,22.04,1.0
P28472,89.29,4.0
Q9UNW8,153.14,7.0
Q9BZJ7,135.2,5.0
Q99680,154.18,7.0
Q86WK7,22.74,1.0
P23634,195.55,8.0
O15431,63.42,2.0
Q17RW2,17.66,1.0
Q5T3F8,231.38,11.0
P02778,18.7,1.0
Q86XM0,36.01,1.0
Q5T197,143.29,6.0
Q9UPQ8,301.89,14.0
P01906,22.17,1.0
Q86SJ6,37.12,1.0
Q6PCB8,19.52,1.0
Q63HQ2,16.33,1.0
P21860,39.42,1.0
Q9UKR5,85.34,4.0
P98173,22.54,1.0
Q96PJ5,22.22,1.0
Q10471,20.56,1.0
Q9ULW2,158.75,7.0
Q9H461,167.16,7.0
O95490,156.41,7.0
P16442,21.2,1.0
O14523,21.89,1.0
Q6UWT4,17.84,1.0
Q5JW98,84.56,4.0
Q9UHN6,22.01,1.0
P29017,21.78,1.0
P22748,15.69,1.0
Q9BYE9,33.55,1.0
Q9H2X3,21.9,1.0
Q9BYW3,27.12,1.0
O95424,25.36,1.0
Q9H1X3,62.11,3.0
Q14574,28.41,1.0
Q9NRD8,140.29,6.0
P01911,34.13,1.0
P16422,24.47,1.0
P29317,32.78,1.0
Q6UW88,28.15,1.0
Q9Y5L3,53.9,2.0
O43909,23.33,1.0
P58658,21.1,1.0
Q8N8J7,28.06,1.0
P21802,41.19,1.0
P08637,22.37,1.0
Q7Z7M9,21.1,1.0
Q14802,28.33,1.0
A0AVI2,20.9,1.0
P98196,190.95,7.0
O95393,17.14,1.0
Q8TDL5,18.02,1.0
Q70JA7,20.37,1.0
Q96G23,118.09,5.0
Q9Y4C5,19.4,1.0
Q9ULY5,21.77,1.0
Q9NZ45,21.38,1.0
Q16281,77.43,2.0
Q9UBM7,161.29,6.0
P01903,31.57,1.0
Q9UKH3,73.08,2.0
P61565,69.29,2.0
P61570,77.49,2.0
O95834,17.25,1.0
Q96D05,22.92,1.0
Q14517,21.88,1.0
Q96PS6,19.05,1.0
P0DMS8,161.13,7.0
Q16570,155.12,7.0
P50993,179.8,8.0
Q8N4C9,22.46,1.0
Q16696,22.44,1.0
Q96D31,73.42,3.0
P10176,21.91,1.0
Q4LDR2,21.91,1.0
O75712,88.95,4.0
P01034,17.97,1.0
Q5SY80,28.16,1.0
Q7RTX7,123.67,6.0
Q6NXN4,52.24,2.0
Q9Y6H8,86.48,4.0
P24855,16.61,1.0
Q9GZP9,89.73,4.0
Q9UL01,56.26,3.0
P50402,21.49,1.0
A8MWY0,20.62,1.0
P52799,32.4,1.0
Q4G0M1,19.82,1.0
P00742,13.15,1.0
Q9NYQ8,21.32,1.0
P81408,87.8,4.0
Q8TBP5,43.46,2.0
P02679,20.74,1.0
O75077,22.73,1.0
Q13520,134.19,5.0
P09326,22.42,1.0
Q8IZR5,86.03,4.0
P13942,20.69,1.0
Q6PJW8,18.57,1.0
Q14CN2,19.15,1.0
P06276,40.09,2.0
Q96B33,91.24,4.0
H7C241,92.06,4.0
P56750,90.54,4.0
Q9NNZ3,19.42,1.0
P28845,14.21,1.0
Q9NRD9,137.63,6.0
P61550,45.38,1.0
P58499,21.44,1.0
Q8TCP9,18.22,1.0
Q9Y231,21.42,1.0
P28222,155.62,7.0
Q6IWH7,187.75,7.0
Q5VV63,30.1,1.0
O00481,36.81,1.0
Q7KYR7,43.48,2.0
P78410,35.8,1.0
P13236,18.65,1.0
Q8N5C1,83.03,3.0
Q16739,76.37,3.0
P51685,145.98,6.0
P13498,71.55,3.0
O14625,17.99,1.0
P0CG41,21.6,1.0
Q9HC47,44.81,2.0
P14416,158.26,7.0
P55017,245.24,11.0
Q9BZD2,228.14,11.0
P0DKV0,20.84,1.0
Q8N114,30.56,1.0
Q53EL9,23.76,1.0
Q96JF0,19.26,1.0
Q99720,34.03,1.0
Q6AZY7,21.97,1.0
Q96SA4,229.69,11.0
Q9C0H2,111.67,5.0
Q06418,24.02,1.0
Q8IV45,16.9,1.0
Q52LC2,23.1,1.0
Q6EMK4,23.42,1.0
O95498,35.88,1.0
Q9BXE9,111.06,4.0
A2RUG3,57.07,3.0
Q6UX68,131.97,5.0
Q8IW00,23.26,1.0
Q8NEX6,20.53,1.0
Q8TEU8,15.95,1.0
Q8TCJ2,258.44,10.0
P09758,23.28,1.0
Q96DZ7,92.26,4.0
Q9NRS4,23.08,1.0
Q495A1,22.21,1.0
Q6ZP80,92.87,4.0
Q5JXX7,41.72,2.0
Q7Z5M5,217.08,10.0
Q9H0R3,62.69,3.0
Q2WGJ8,39.84,2.0
Q03167,24.75,1.0
P48995,158.71,6.0
Q7RTX0,151.94,7.0
Q6UWF5,40.89,2.0
Q5T4F4,62.02,3.0
Q6PML9,108.07,5.0
O14863,123.4,6.0
Q6PJF5,143.3,6.0
Q7LG56,19.46,1.0
A6NCQ9,22.88,1.0
Q16348,245.24,11.0
P19075,90.47,4.0
P22310,23.69,1.0
O75631,23.56,1.0
Q5DID0,23.57,1.0
Q9Y385,21.68,1.0
Q9H354,25.58,1.0
O00631,20.28,1.0
O43511,214.58,9.0
Q86VE9,195.21,9.0
Q6UWF3,22.88,1.0
A0A1B0GW64,22.7,1.0
Q96LD1,22.81,1.0
Q6ZMC9,24.15,1.0
P61009,26.03,1.0
Q9UH99,29.2,1.0
Q13190,20.92,1.0
Q16563,69.98,3.0
Q03519,118.43,6.0
A0PK00,112.89,6.0
Q9NYV7,158.49,7.0
Q96LR4,21.81,1.0
Q13445,21.81,1.0
Q5T2D2,23.51,1.0
Q9UBN6,23.38,1.0
O00220,23.87,1.0
A0A087X0M5,17.37,1.0
O60637,91.83,4.0
O00526,39.52,1.0
Q9H1F0,15.99,1.0
Q9NYG2,93.84,4.0
Q9NPG8,110.77,5.0
Q5W0Z9,89.09,4.0
Q86UD5,263.11,11.0
Q96BD0,277.24,11.0
H3BS89,88.85,4.0
Q69YZ2,44.81,2.0
O00445,26.98,1.0
Q9BQG1,29.03,1.0
Q9H6F2,104.52,4.0
P01375,22.92,1.0
P0C7T8,84.4,4.0
Q8N2U0,47.08,2.0
Q9UL62,151.44,7.0
Q9UKU6,22.86,1.0
P40238,21.81,1.0
Q9HBA0,131.67,6.0
Q8TAD4,315.04,15.0
Q8IUH4,144.59,6.0
Q6UX98,108.49,5.0
Q9UIJ5,89.14,4.0
Q8WWX8,299.95,14.0
O75298,51.24,2.0
Q6P1M0,45.37,2.0
Q9Y345,282.29,12.0
A4IF30,200.83,9.0
Q63ZE4,233.5,11.0
Q8WUX1,235.24,11.0
Q495N2,222.37,10.0
O75264,21.23,1.0
O43759,85.48,4.0
Q8N4L4,22.75,1.0
Q14BN4,22.35,1.0
Q9Y6A9,42.09,2.0
Q9P0V8,31.66,1.0
Q6AI14,250.55,11.0
O94956,248.87,11.0
Q6UWJ1,214.48,10.0
Q9H0C3,168.36,7.0
Q5BJD5,129.09,6.0
Q8NEW7,44.38,2.0
A6NGA9,90.19,4.0
Q96N35,24.26,1.0
Q6YI46,116.14,4.0
Q2M3C6,64.55,3.0
O14925,70.34,3.0
Q9NX78,182.77,8.0
Q9Y584,46.43,2.0
Q6UWH6,103.48,4.0
P41732,89.23,4.0
Q9P2U8,239.15,12.0
Q8N0U8,70.84,2.0
P19320,29.21,1.0
A8MXE2,31.7,1.0
Q13332,48.15,2.0
Q8WXD0,175.48,8.0
Q9NTJ5,58.88,2.0
Q99835,152.74,7.0
Q0P670,22.86,1.0
Q96HH6,130.41,6.0
Q9GZU3,166.76,8.0
Q96HV5,123.1,6.0
Q86X19,82.67,4.0
O15482,26.08,1.0
A0A1B0GTY4,43.28,2.0
O60635,91.1,4.0
P30536,103.97,5.0
Q6UX27,22.24,1.0
A6NLU5,19.02,1.0
Q14508,20.42,1.0
Q9H6R6,93.12,4.0
Q96MV8,88.77,4.0
P46059,243.49,12.0
O60779,257.84,12.0
A6NIM6,245.7,11.0
Q2M3M2,306.48,14.0
Q6U841,233.55,11.0
Q5VVP1,20.01,1.0
Q9Y226,250.3,12.0
Q96DD7,43.86,2.0
Q5M8T2,203.18,8.0
O00560,14.43,1.0
O60939,28.65,1.0
Q58EX2,22.99,1.0
Q6P4A7,92.68,4.0
P35498,478.29,19.0
Q9NPD5,249.18,11.0
Q9NYB5,240.72,10.0
Q9Y2E8,240.43,11.0
O75908,179.49,8.0
M5A8F1,20.26,1.0
Q7L1I2,256.56,12.0
O95772,82.06,4.0
Q14DG7,22.91,1.0
Q86TM6,127.62,6.0
Q7Z5A8,19.13,1.0
O14804,153.99,7.0
Q8IV31,40.93,2.0
Q9H3N1,63.91,3.0
Q0VDI3,73.71,2.0
Q7Z7H5,39.07,2.0
Q9H6D3,171.02,8.0
P0DP72,20.52,1.0
O95159,21.71,1.0
Q05996,22.44,1.0
P23468,27.91,1.0
Q6P5W5,149.42,7.0
Q96BI1,219.13,10.0
O15245,255.21,12.0
Q8N2U9,107.71,4.0
A6NK97,219.85,11.0
Q8N4F4,216.52,9.0
Q8IWB4,20.65,1.0
Q8WTV0,44.01,2.0
Q11201,22.9,1.0
P21583,27.15,1.0
O43556,23.54,1.0
O15466,22.49,1.0
A0A1B0GUW7,22.55,1.0
P61647,19.49,1.0
O95562,89.26,4.0
Q9BZL3,23.26,1.0
Q4ZJI4,247.9,12.0
Q0VAQ4,23.21,1.0
Q96A25,24.08,1.0
Q7Z7N9,77.81,3.0
A0A1B0GVZ9,98.8,5.0
P49755,44.78,2.0
A6NKF7,45.79,2.0
Q969K7,91.35,4.0
Q8NDY8,43.72,2.0
Q2T9K0,139.91,4.0
Q6ZUK4,132.62,5.0
Q9Y2C9,38.93,2.0
P0DPE3,40.3,2.0
Q9HCX4,136.24,5.0
Q9NV66,25.59,1.0
Q9NRR2,20.43,1.0
Q96NA8,20.09,1.0
Q8NG11,91.02,4.0
P0DTE5,37.81,2.0
Q9UM01,263.84,13.0
Q5BJH7,107.51,5.0
Q5M7Z0,106.76,5.0
Q9BZW2,240.0,11.0
Q9UHW9,256.27,12.0
Q9BVW6,22.11,1.0
Q6UWL2,22.17,1.0
Q16635,20.69,1.0
Q9BT88,23.04,1.0
Q9Y228,18.7,1.0
P57727,33.95,1.0
Q9NUH8,83.36,4.0
Q8N8V8,35.08,1.0
Q9ULS5,39.45,2.0
Q5VZI3,44.84,2.0
Q6ICI0,90.03,4.0
Q9NWC5,152.22,7.0
O15321,203.44,9.0
Q7L0X0,22.96,1.0
Q93038,28.01,1.0
P16473,155.75,7.0
Q969W1,94.83,4.0
Q9Y2C5,226.04,10.0
A0AV02,258.93,10.0
O95136,154.71,7.0
Q9H015,249.2,11.0
Q9NP59,226.6,10.0
Q5BKX6,252.11,12.0
Q9H9S3,219.88,8.0
Q7Z3Q1,256.96,12.0
Q9H1V8,263.79,12.0
Q9NSA0,221.38,10.0
A6NH21,197.5,9.0
Q9H2H9,240.34,11.0
Q9Y6X1,22.61,1.0
Q9Y336,22.6,1.0
Q969X2,20.27,1.0
Q9Y5Y9,454.69,20.0
Q8IW52,23.32,1.0
Q71RC9,22.45,1.0
Q9NRQ5,22.63,1.0
Q9UIG8,269.28,12.0
Q9Y3P8,22.83,1.0
Q86TL2,106.22,5.0
Q9BXQ6,107.23,4.0
P59535,145.79,6.0
P59541,154.46,7.0
Q53R12,94.87,4.0
Q9NYV9,160.24,7.0
Q9NYW5,157.3,7.0
Q8NBT3,147.72,7.0
O15393,21.82,1.0
Q5T292,32.01,2.0
Q86T26,23.87,1.0
Q9P0S9,84.82,4.0
Q9HD45,218.86,9.0
P23510,22.69,1.0
Q8WV15,89.83,4.0
P61165,45.19,2.0
Q8N6L7,45.43,2.0
Q3SY77,39.6,2.0
Q9HAW9,30.26,1.0
O76024,195.4,9.0
A6NDX4,22.86,1.0
Q13277,22.74,1.0
Q6NXT6,115.42,5.0
Q5HYJ1,90.33,3.0
Q7Z5A7,21.94,1.0
Q9H6X4,44.55,2.0
Q8N0U2,42.3,2.0
Q6QAJ8,90.47,4.0
Q4KMG9,39.85,2.0
Q9BTV4,83.06,4.0
Q9NUR3,45.42,2.0
P32971,26.73,1.0
A6NGB7,90.9,4.0
Q96A98,20.67,1.0
H3BTG2,23.77,1.0
Q8TBR7,146.24,7.0
O60704,18.98,1.0
Q13507,164.46,8.0
O95858,98.15,4.0
P54855,24.91,1.0
Q7Z5H5,138.38,5.0
Q9NX94,20.51,1.0
Q7Z7D3,37.69,1.0
Q9NUE0,89.52,4.0
A6NDD5,45.81,2.0
Q8N2H4,83.0,4.0
Q5JRV8,90.33,4.0
Q7L8C5,21.13,1.0
Q7Z6W1,21.82,1.0
Q5HYL7,87.39,4.0
Q8N2M4,145.96,7.0
Q8WWA1,44.57,2.0
Q9BQJ4,89.72,4.0
Q0P6H9,130.73,6.0
Q6UW68,82.61,4.0
Q9NPL8,62.69,1.0
P01135,28.28,1.0
Q8NHX9,246.7,11.0
Q9H2S6,20.42,1.0
Q9BSA4,123.09,6.0
Q96QT4,148.36,6.0
E5RIL1,26.22,1.0
P01282,20.22,1.0
Q2TBF2,21.51,1.0
Q8NBI6,23.1,1.0
Q8IVQ6,88.12,4.0
Q01959,264.92,12.0
Q6PCB7,50.54,1.0
Q5VYP0,20.65,1.0
Q15043,137.22,6.0
O14828,91.34,4.0
Q86SK9,85.58,4.0
Q92673,38.53,1.0
Q8TAV4,22.87,1.0
P59543,157.25,7.0
Q6ZT21,116.19,5.0
Q9NYV8,154.23,7.0
Q8IU80,29.9,1.0
Q6ZXV5,185.82,9.0
Q86UB9,127.7,5.0
Q9UK28,22.69,1.0
Q9BXR5,23.23,1.0
Q8IWR1,23.38,1.0
A1L157,91.74,4.0
O94759,133.34,6.0
Q7Z2W7,163.45,8.0
Q9BX59,18.17,1.0
O75841,91.63,4.0
O00570,29.93,1.0
Q9Y519,136.42,7.0
Q5T9Z0,120.0,5.0
P59539,153.03,7.0
P59540,150.56,7.0
Q8NCL8,85.53,4.0
Q15363,43.14,2.0
Q9BZD7,22.64,1.0
Q9BXS4,25.76,1.0
Q99805,206.81,9.0
Q8TDI8,183.76,6.0
H0YL14,47.44,2.0
Q7Z4N2,159.41,6.0
Q9NXF8,91.78,4.0
Q8N4V2,245.12,12.0
O95210,19.61,1.0
Q9NP99,22.71,1.0
Q9NS69,19.54,1.0
Q9BX84,134.02,6.0
Q96FV3,90.17,4.0
P35503,27.35,1.0
Q9Y5Z9,182.65,7.0
Q8IYP9,122.82,6.0
P0DPE8,21.46,1.0
Q9Y4P3,20.21,1.0
Q8IV01,20.09,1.0
O14788,22.36,1.0
A0AVI4,64.8,3.0
Q8N614,42.32,2.0
Q9NQ34,44.14,2.0
P43489,30.2,1.0
Q7RTX1,155.97,7.0
Q13454,106.34,5.0
P16662,28.77,1.0
P36537,37.18,1.0
Q6NXT4,126.44,6.0
Q8TDW4,51.94,2.0
Q9NUM4,24.82,1.0
Q9P1P5,157.48,7.0
A8MWL7,77.24,4.0
Q9Y3Q3,16.0,1.0
Q9BRN9,38.32,1.0
Q8TDI7,194.9,9.0
Q6PI78,64.08,3.0
C9JI98,44.15,2.0
Q9NSU2,21.84,1.0
Q9BVK6,36.39,2.0
A0PJW6,45.55,2.0
Q69YG0,84.25,4.0
Q6UXU6,23.07,1.0
Q6PEY1,46.41,2.0
O15455,24.45,1.0
Q9UBN4,165.85,8.0
O14763,35.96,1.0
P19438,44.85,2.0
Q8NFQ8,20.12,1.0
O14817,91.69,4.0
Q9GZZ9,22.96,1.0
P41587,154.27,7.0
Q9H1B5,21.27,1.0
Q96G27,29.73,1.0
Q401N2,104.5,5.0
Q9Y548,113.53,5.0
P27105,25.54,1.0
Q8NDZ6,164.68,7.0
P0C7N4,21.67,1.0
Q8IUR5,207.52,9.0
Q8WW62,20.52,1.0
O95807,86.16,4.0
Q9BX74,60.96,3.0
Q13061,22.15,1.0
Q86YW5,22.92,1.0
Q969Z4,25.45,1.0
Q9H598,193.93,9.0
Q9BWQ6,110.1,5.0
Q8IUH5,130.91,6.0
Q16849,23.94,1.0
Q9UDW1,20.2,1.0
O96011,22.61,1.0
Q8IZV5,49.06,2.0
Q8WU17,263.38,12.0
O95977,155.03,7.0
Q15858,488.53,21.0
G3V0H7,239.69,11.0
P57738,26.02,1.0
Q96RI9,153.05,7.0
Q96HH4,47.21,2.0
Q8NCS4,79.91,4.0
Q7Z5S9,214.6,10.0
Q06643,23.22,1.0
Q9P0N5,87.54,4.0
Q7Z404,184.33,8.0
Q96B42,64.6,3.0
Q5SNT2,119.16,6.0
Q66K66,144.12,6.0
Q6UXY8,213.24,9.0
A6NLX4,43.38,2.0
Q96SK2,49.19,2.0
Q8N9X5,39.93,2.0
Q8N816,45.42,1.0
Q96HE8,87.03,4.0
Q3ZCQ8,16.91,1.0
O43493,23.38,1.0
Q9H1D0,143.64,7.0
P28827,33.18,1.0
Q6DKI7,48.69,1.0
P07949,30.26,1.0
Q9P2W9,20.95,1.0
Q92186,16.6,1.0
Q8IXX5,21.58,1.0
Q9Y275,22.36,1.0
Q9Y320,42.85,2.0
Q96AQ2,88.43,4.0
Q9UNG2,23.29,1.0
P01374,26.56,1.0
Q9P2C4,187.24,9.0
Q68D42,41.28,2.0
Q8N661,130.26,6.0
Q12767,214.06,10.0
O60602,33.39,1.0
Q8WZ04,22.33,1.0
O00322,91.57,4.0
Q9UKP6,153.18,7.0
O94966,22.11,1.0
Q9GZP7,123.68,4.0
Q15619,158.76,8.0
Q9Y5G5,23.52,1.0
Q9Y5H1,26.13,1.0
Q9Y5E7,23.12,1.0
Q96RD7,90.51,4.0
A6NKB5,301.96,13.0
O00264,21.26,1.0
Q8TEQ8,317.91,14.0
Q7Z442,256.37,11.0
O60486,44.27,2.0
Q96GQ5,35.98,1.0
O75751,260.37,12.0
Q8TE54,237.72,10.0
Q9NTN3,186.6,8.0
Q8IVJ1,220.82,10.0
Q8NG04,111.66,4.0
Q8IZM9,242.35,11.0
Q8N7X8,22.36,1.0
A0A1B0GUA5,22.45,1.0
Q8WY21,24.5,1.0
O43291,35.22,1.0
P30408,91.72,4.0
Q5T4D3,230.5,10.0
Q8N394,180.4,9.0
Q96B21,127.31,5.0
P0DMS9,43.11,2.0
P0DSE2,29.06,1.0
Q15388,19.07,1.0
Q15629,170.12,8.0
Q15612,154.65,7.0
Q9H720,196.82,9.0
Q8NFJ6,152.88,6.0
Q04912,32.75,1.0
Q5QGT7,22.34,1.0
Q5TAH2,310.61,14.0
Q8WVI0,21.26,1.0
Q7L0J3,251.58,12.0
Q8NB59,28.97,1.0
O43581,21.81,1.0
Q9H1E5,36.21,1.0
Q92545,49.46,2.0
P48023,22.72,1.0
Q5U3C3,127.15,5.0
Q8N7C4,86.55,4.0
Q8TB96,41.81,2.0
Q8WY98,67.13,3.0
O15533,34.33,1.0
Q9UN75,20.35,1.0
Q9Y5F1,25.03,1.0
Q9UN66,25.44,1.0
P23470,50.56,1.0
Q6P5S7,45.97,2.0
Q15413,137.99,6.0
Q8WV83,212.16,10.0
Q96QD8,238.29,9.0
Q9NQ40,245.78,11.0
B8ZZ34,21.17,1.0
A8MWV9,21.46,1.0
A6NGB0,21.66,1.0
Q9NYW1,165.77,7.0
Q9P1P4,128.26,6.0
P59533,156.99,7.0
A0A0U1RQS6,43.22,2.0
Q6UE05,78.02,2.0
Q9BZW5,188.83,9.0
Q14656,129.18,6.0
Q96BF3,22.88,1.0
Q6P7N7,43.8,2.0
P35590,35.0,1.0
Q9NWH2,45.05,2.0
H3BV60,20.92,1.0
Q6PEX7,25.39,1.0
Q15399,24.09,1.0
Q12999,87.08,4.0
Q16827,50.08,2.0
Q9BRX8,36.57,1.0
Q9H6H4,45.64,2.0
O15258,65.31,3.0
Q01973,27.97,1.0
Q6ZQN7,264.67,11.0
Q86UG4,250.57,10.0
Q8N434,198.75,8.0
Q07011,22.72,1.0
Q8NER1,143.11,6.0
Q8TE23,157.59,7.0
Q16572,222.18,10.0
P98155,22.41,1.0
Q9ULK5,89.24,4.0
Q6ZSY5,24.29,1.0
Q9BX97,22.9,1.0
Q8TB68,21.45,1.0
P08575,43.53,2.0
Q8NC42,41.67,1.0
Q8TAC9,92.38,4.0
Q8NFR3,24.34,1.0
Q4G0N8,306.68,14.0
A0A1B0GWG4,22.41,1.0
P08247,79.01,3.0
Q9BXJ8,106.08,5.0
Q9NYW2,154.62,7.0
Q8N6Q1,22.15,1.0
Q7Z402,208.57,9.0
Q6P2H8,40.64,1.0
Q86XT9,46.15,2.0
E9PQX1,64.59,3.0
A0PJX8,127.0,2.0
Q8TBM7,55.67,2.0
P03986,22.38,1.0
Q9NZQ8,120.02,5.0
O95185,54.83,1.0
Q70CQ3,23.08,1.0
P54219,250.4,12.0
Q05940,242.58,11.0
Q8WWT9,259.93,11.0
Q86YT5,262.52,12.0
Q9HBX9,154.39,7.0
P60468,22.34,1.0
Q8IVM8,255.15,12.0
Q6T423,235.52,11.0
P78324,23.86,1.0
Q6UWI4,44.17,2.0
P31431,23.06,1.0
Q8TD22,104.91,5.0
Q6UWV7,30.95,1.0
Q7Z5N4,22.96,1.0
Q96EX1,20.93,1.0
A6NGZ8,43.48,2.0
Q7RTU9,22.46,1.0
Q14C87,22.75,1.0
Q9H061,52.01,2.0
Q8NBV8,24.22,1.0
P48230,90.14,4.0
Q9NYW0,172.31,8.0
O14894,89.72,4.0
P21731,144.75,6.0
Q9NR96,21.27,1.0
Q6P9G4,38.19,2.0
Q12893,147.4,6.0
Q8N511,44.12,2.0
Q9BZD6,22.75,1.0
Q5W0B7,137.03,6.0
A2RUT3,37.09,2.0
Q9UP52,21.86,1.0
Q86W33,152.48,7.0
O60858,22.56,1.0
O14836,22.78,1.0
Q9Y5U5,29.05,1.0
Q9P2J2,23.65,1.0
P35504,23.45,1.0
Q5VY80,42.69,2.0
Q9HBG4,139.03,6.0
P41221,22.98,1.0
Q8NH92,135.8,6.0
Q9NPG4,23.41,1.0
Q9Y5I4,44.05,2.0
Q5QFB9,39.41,2.0
P02776,20.38,1.0
Q8N271,137.12,6.0
P49190,134.5,4.0
B2RUZ4,22.25,1.0
Q687X5,133.05,6.0
P17643,23.29,1.0
Q8NDX2,228.19,10.0
Q15836,21.17,1.0
P51809,22.71,1.0
P56705,18.92,1.0
O14904,18.06,1.0
Q8IUB3,18.63,1.0
Q86W74,22.88,1.0
Q6RW13,69.11,3.0
Q8WVV5,64.59,3.0
Q9UK00,22.8,1.0
P40198,23.82,1.0
Q07108,22.82,1.0
P10966,23.28,1.0
Q8IX05,32.71,1.0
P25063,36.81,2.0
Q96MX0,69.03,3.0
Q96JQ2,19.48,1.0
O75508,87.88,4.0
P58418,90.84,4.0
Q86U02,20.78,1.0
Q96J86,25.38,1.0
P48165,84.5,4.0
O15121,113.55,6.0
P37058,62.49,3.0
P0C7V7,19.34,1.0
Q8N808,177.6,7.0
Q9NWF4,243.42,11.0
Q9C0C4,28.39,1.0
Q9UBV2,25.8,1.0
A0A1B0GU29,22.03,1.0
Q96PQ1,23.01,1.0
Q9UJ37,24.78,1.0
Q5STR5,22.81,1.0
O94991,24.22,1.0
O95473,80.99,3.0
Q9UIV8,18.65,1.0
Q96E16,19.65,1.0
P32745,159.65,7.0
Q14714,90.69,4.0
Q86UF1,89.91,4.0
Q9UKR8,69.63,3.0
P14679,22.99,1.0
Q765I0,19.93,1.0
P51811,192.29,9.0
Q8N9W7,23.85,1.0
P60903,20.68,1.0
Q9GZV3,278.61,12.0
P13866,313.06,14.0
Q9NQC3,51.97,2.0
W5XKT8,43.69,2.0
Q92911,288.6,13.0
B4DYI2,21.16,1.0
Q5T1Q4,212.7,10.0
Q9H2J7,260.87,12.0
A0PJX4,23.22,1.0
Q8WVN6,26.66,1.0
Q5BJF2,86.17,4.0
Q96HG1,27.55,1.0
Q8WV19,88.43,4.0
Q16842,22.03,1.0
Q6IEE8,22.41,1.0
Q8TCT6,189.25,9.0
Q5TFQ8,23.0,1.0
A2A2V5,22.7,1.0
O75310,44.13,1.0
Q9NZ43,22.61,1.0
Q7L0L9,45.12,2.0
P21754,23.23,1.0
Q9NRA2,220.52,10.0
Q9BQQ7,20.14,1.0
Q96H72,130.56,5.0
Q6UXD7,242.17,11.0
Q9H1N7,199.55,10.0
Q15465,18.11,1.0
Q96NB2,99.08,5.0
Q6IA17,24.66,1.0
A0A2R8YCJ5,22.84,1.0
A0A1B0GUW6,22.57,1.0
O43278,38.77,2.0
Q9Y5M6,22.1,1.0
O14798,41.73,2.0
Q69YW2,48.24,2.0
Q96JJ7,20.4,1.0
Q6UXZ0,25.89,1.0
Q96NL1,45.37,2.0
Q5T7P6,36.86,2.0
Q9H2L4,83.18,4.0
Q9NWD8,54.16,3.0
Q9BUB7,45.54,2.0
Q96QS1,90.09,4.0
Q9HBV2,38.11,1.0
Q7LBE3,225.51,9.0
P21817,150.99,6.0
Q6PIS1,181.12,7.0
Q9HAB3,243.12,11.0
Q8NBS3,250.16,11.0
Q9NXL6,236.13,11.0
Q8NBJ9,228.86,9.0
Q9H2V7,248.71,11.0
A6NFE2,22.84,1.0
Q92959,257.01,11.0
Q8IUH8,188.7,8.0
Q9H741,19.57,1.0
P43308,22.45,1.0
Q12846,22.78,1.0
Q8WWQ8,22.8,1.0
O43914,28.84,1.0
Q9BY64,44.97,1.0
Q9H1C4,255.13,12.0
Q15849,382.84,16.0
Q5T9L3,175.91,8.0
Q5GH72,152.73,6.0
Q6ZMB5,151.32,7.0
O75204,77.47,3.0
Q4V9L6,40.23,2.0
P01850,22.02,1.0
P01848,17.61,1.0
P40126,22.5,1.0
Q9NYU2,21.98,1.0
Q53HI1,115.1,5.0
P35916,40.87,1.0
P63027,21.14,1.0
Q6PP77,191.12,8.0
O96014,16.17,1.0
Q8NEX5,22.78,1.0
Q9UPY5,256.98,12.0
Q969M3,95.66,4.0
Q7Z5H4,151.31,7.0
Q9BS86,20.71,1.0
Q12836,22.82,1.0
P59025,22.59,1.0
Q99884,265.31,12.0
Q6ICL7,169.47,8.0
Q96KT7,177.0,8.0
Q5H9E4,67.89,3.0
Q8N357,197.73,10.0
P48065,264.09,12.0
P18827,30.12,1.0
Q68CR1,25.62,1.0
Q08ET2,20.82,1.0
Q9UBY0,275.2,13.0
Q9UIB8,22.54,1.0
P08842,45.78,2.0
P46977,266.48,12.0
Q8NE00,220.26,9.0
Q6UXF1,43.75,2.0
Q5BJH2,87.46,4.0
Q9BYE2,22.72,1.0
O75762,113.97,5.0
P56180,67.89,3.0
Q6P5X7,44.2,2.0
Q8N609,162.08,8.0
Q15035,153.99,7.0
P20333,26.25,1.0
Q5SRN2,36.53,1.0
Q3ZAQ7,44.46,2.0
Q96GC9,131.28,6.0
O95292,20.09,1.0
Q93050,151.96,7.0
Q8NHE4,44.77,2.0
Q658N2,20.17,1.0
P0DPA2,30.23,1.0
Q96BY9,58.82,3.0
P0DI80,22.99,1.0
Q96DU3,23.44,1.0
P35610,183.26,8.0
Q9UHE8,123.82,6.0
P56962,42.58,2.0
Q9NS68,23.42,1.0
O75954,91.4,4.0
Q6UWM9,45.85,2.0
Q9Y493,21.76,1.0
Q9Y397,86.51,4.0
O15244,238.84,11.0
Q969S0,201.95,9.0
Q9NY26,141.68,6.0
Q96JT2,244.3,11.0
P34741,23.99,1.0
Q9H3S1,37.75,1.0
Q92854,41.54,2.0
B4DS77,21.78,1.0
Q8NBX0,24.26,1.0
Q9HCN8,21.29,1.0
Q8N6R1,22.54,1.0
Q8TCT8,209.29,9.0
Q8IWU5,20.35,1.0
P0DP42,90.56,4.0
Q9BX73,62.75,3.0
O95150,19.9,1.0
Q96AN5,41.53,2.0
Q8NBN3,150.41,7.0
Q9NS93,147.24,7.0
Q9NS62,21.63,1.0
P13726,37.87,1.0
O00206,22.33,1.0
Q6UXN7,21.47,1.0
P36941,32.21,1.0
Q9P0U1,15.83,1.0
P28908,22.64,1.0
P27449,91.79,4.0
O15342,44.6,2.0
Q9Y6F9,18.82,1.0
Q86Y07,20.77,1.0
Q5GH76,203.23,10.0
Q9BY78,118.72,4.0
Q9Y666,247.15,11.0
Q9H2X9,250.68,12.0
Q9BT56,20.25,1.0
Q9UGT4,23.28,1.0
Q9UNL2,82.41,4.0
Q96J42,21.4,1.0
O00124,40.4,2.0
Q8NBM4,88.04,4.0
Q8NFZ6,156.75,7.0
O75379,20.77,1.0
P56706,23.13,1.0
P78423,28.51,1.0
P55808,24.13,1.0
Q96EC8,99.26,5.0
Q96IW7,75.99,4.0
P67812,33.05,1.0
Q1EHB4,288.23,13.0
Q8IZD6,252.18,12.0
Q695T7,258.07,12.0
Q13214,19.11,1.0
Q969E2,89.29,4.0
O00241,22.36,1.0
O43752,19.6,1.0
Q658P3,126.63,5.0
Q8N3T6,24.43,1.0
Q9NT68,22.73,1.0
Q8NFB2,166.5,8.0
P21579,22.93,1.0
Q9H2B2,23.33,1.0
Q96RI8,158.76,7.0
Q9NV29,45.67,2.0
O60235,24.07,1.0
Q8WVE6,87.97,4.0
P56557,85.26,4.0
Q9NV64,160.95,8.0
Q92544,219.99,10.0
Q9BSE2,109.45,5.0
Q8WZ59,25.66,1.0
Q9BQ16,15.54,1.0
P36897,45.4,2.0
Q9NZC2,21.89,1.0
P25942,21.46,1.0
Q96AW1,22.1,1.0
O00755,23.39,1.0
Q96IQ7,25.37,1.0
Q5GH70,168.79,6.0
P56703,18.43,1.0
O95070,108.35,5.0
Q9UKG4,255.31,12.0
Q6NT16,255.52,12.0
Q96S37,213.84,9.0
Q8NBI5,243.66,11.0
Q9UMX9,247.83,12.0
Q6ZSJ9,20.1,1.0
O75056,26.12,1.0
Q9NVC3,240.69,11.0
Q08AI6,221.02,10.0
O43699,24.11,1.0
O15126,88.93,4.0
Q6UX34,40.53,2.0
P19634,262.93,12.0
P30872,158.33,7.0
Q96BZ9,54.76,2.0
Q9NYW7,160.61,7.0
Q96A57,44.82,2.0
Q7Z403,224.43,10.0
Q8N6I4,50.58,2.0
Q9BVV7,20.8,1.0
Q9C0I4,23.93,1.0
P02786,22.62,1.0
P10600,17.01,1.0
P41273,23.16,1.0
Q9H313,108.65,5.0
P19224,33.26,1.0
Q15904,41.99,2.0
Q86VR7,35.81,1.0
Q86XK7,30.05,1.0
Q8TAG5,19.98,1.0
P55011,254.17,12.0
Q8N695,289.49,13.0
Q9Y267,243.87,12.0
Q9BS91,184.43,8.0
Q96RN1,252.74,11.0
Q5VU36,20.65,1.0
Q99442,50.84,2.0
Q9H3T3,25.37,1.0
Q9H2E6,23.61,1.0
O95025,21.92,1.0
O75711,18.97,1.0
P0DJ93,23.34,1.0
A8MWL6,86.38,4.0
A2RU48,26.61,1.0
Q9Y6L6,253.0,11.0
P48764,266.83,12.0
Q9NPB0,23.79,1.0
Q8TCT7,199.7,9.0
Q6ZMZ3,20.5,1.0
A6NC51,123.08,6.0
Q8IYR6,37.46,2.0
Q8N3G9,40.91,2.0
Q9NX00,60.17,2.0
Q8WW34,63.52,3.0
Q96K49,152.33,6.0
Q6GV28,84.5,4.0
Q96MV1,130.92,6.0
Q8WUY1,22.43,1.0
Q6ZWK6,22.98,1.0
P0DTU4,26.51,1.0
Q13336,179.64,8.0
Q13183,262.43,11.0
Q9BY50,27.92,1.0
B6A8C7,19.95,1.0
Q8IW70,53.39,2.0
Q86VY9,43.18,2.0
Q8IUX1,77.34,3.0
Q9NR97,23.14,1.0
Q96I45,38.95,2.0
Q96H15,24.45,1.0
A2RRL7,21.79,1.0
Q9BU79,64.89,3.0
Q5VVB8,64.83,3.0
P08138,22.75,1.0
Q6NUM6,22.5,1.0
Q96SJ8,96.53,4.0
Q8N2K1,22.44,1.0
Q96RP3,18.35,1.0
Q9H7M9,44.13,2.0
A8MXK1,33.21,1.0
P0C7U3,108.29,5.0
Q96PQ0,22.87,1.0
Q8NCC5,244.14,12.0
Q96L08,24.22,1.0
O15260,120.5,5.0
P35346,162.38,7.0
Q86Y82,22.15,1.0
O60499,19.39,1.0
Q9UIK5,42.52,2.0
Q9H3S3,22.05,1.0
Q96IK0,140.7,6.0
O75888,19.44,1.0
Q8TC26,131.68,6.0
Q8IU68,196.69,8.0
O14668,22.55,1.0
Q9BZW4,181.67,7.0
O14669,22.93,1.0
Q96MH6,47.53,2.0
Q9H6L2,44.87,2.0
Q02763,33.19,1.0
Q13641,22.42,1.0
O60636,91.53,4.0
A0A0A6YYD4,18.77,1.0
B0FP48,26.22,1.0
Q8IZJ1,27.83,1.0
P35968,40.57,2.0
P38435,115.21,5.0
O75063,19.34,1.0
Q13621,244.46,10.0
Q9UP95,263.46,12.0
Q92736,167.14,6.0
Q9NP94,166.82,8.0
P78381,180.9,8.0
Q8TB61,196.86,8.0
Q8N1S5,133.66,7.0
Q8TBE7,216.03,10.0
Q96K37,166.93,6.0
Q9BSK2,69.44,1.0
L0R6Q1,22.17,1.0
Q86WA9,230.9,11.0
Q9BQE4,22.09,1.0
Q96QK8,20.28,1.0
Q8IWX5,194.17,9.0
A0A1B0GW54,22.83,1.0
Q9UQ90,46.18,2.0
Q99523,24.84,1.0
Q96KF7,21.47,1.0
P60508,76.6,2.0
Q13586,18.94,1.0
O15400,22.2,1.0
Q9NX61,172.05,8.0
Q6IEE7,22.98,1.0
Q8NBD8,86.57,4.0
Q8NBL3,90.86,4.0
A6NKL6,54.16,2.0
Q8N9I0,22.79,1.0
Q9BVK8,110.12,6.0
Q6ZMR5,22.92,1.0
Q9Y3A6,43.78,2.0
Q9HC07,145.69,7.0
A6NEH6,43.55,2.0
A6NGC4,126.32,6.0
Q5JU69,17.78,1.0
Q9HAV5,22.85,1.0
Q9Y6I9,31.5,1.0
Q5BVD1,22.8,1.0
Q8NBP0,20.19,1.0
Q9NY84,21.11,1.0
Q9BQB6,66.22,3.0
P30518,150.2,7.0
Q96AJ9,21.92,1.0
P53794,296.25,14.0
Q9NY91,302.07,14.0
P31641,264.87,12.0
P61619,221.08,10.0
P51168,37.49,1.0
Q9UHI7,220.62,10.0
Q4U2R8,205.28,9.0
Q9NTN9,23.49,1.0
Q9NYZ4,22.85,1.0
Q9UBP0,22.77,1.0
Q96PX8,22.81,1.0
Q9BQ49,36.21,2.0
Q9H2Y9,264.82,11.0
O94901,56.31,2.0
P61266,22.37,1.0
Q8WVE7,68.36,3.0
Q9P273,22.83,1.0
Q24JP5,23.42,1.0
Q96HP8,89.25,4.0
Q86TG1,127.85,6.0
Q3YBM2,88.98,4.0
P59544,155.87,7.0
P59536,141.83,6.0
Q9UL52,22.93,1.0
P0DTE4,35.34,1.0
P23763,20.63,1.0
Q9HBM0,35.73,1.0
P37288,151.59,7.0
Q8TAA9,90.2,4.0
O14905,21.98,1.0
Q5GH73,159.95,6.0
O14609,58.06,3.0
P04628,18.65,1.0
Q5TZJ5,20.65,1.0
A1A5C7,242.89,10.0
Q9NUM3,162.71,7.0
P48066,247.04,10.0
Q9BY07,248.2,11.0
Q12981,18.27,1.0
Q11206,24.45,1.0
Q11203,22.14,1.0
Q9BX95,154.48,7.0
A0A286YFK9,21.37,1.0
Q01118,455.7,21.0
Q8IVB4,235.45,10.0
Q9NYW4,156.5,7.0
Q6UX40,83.66,4.0
Q9UM00,65.45,3.0
Q629K1,22.09,1.0
O43657,90.56,4.0
Q8NET8,131.51,6.0
Q9HAW8,28.9,1.0
Q9UPX0,22.61,1.0
O75445,44.51,2.0
Q86Y38,18.2,1.0
Q8N0Z9,43.36,2.0
Q8WUM9,211.63,9.0
Q9Y289,302.51,14.0
Q8NHU3,125.38,6.0
P30874,156.55,7.0
O14662,19.99,1.0
B2RXF0,135.51,4.0
P0DSN6,140.13,6.0
P59534,139.46,6.0
Q9NYW6,151.83,7.0
A0A1B0GTI8,89.19,4.0
O94876,42.07,2.0
A2RU14,67.38,3.0
Q96CP7,106.67,5.0
Q9NQA5,147.72,7.0
Q5TGU0,106.17,5.0
O95881,14.94,1.0
O60656,27.23,1.0
P32241,163.16,7.0
P46094,144.58,6.0
O75110,219.06,10.0
A8MVZ5,39.55,2.0
P55061,129.7,6.0
Q6PL45,37.08,1.0
Q9Y6N8,27.36,1.0
Q01668,425.08,19.0
Q5R3K3,84.51,4.0
P01730,23.41,1.0
Q9UNU6,40.62,1.0
Q96N68,26.72,1.0
Q1HG43,111.0,5.0
P28067,23.37,1.0
P25101,146.5,7.0
Q8NBI3,16.78,1.0
P42892,23.0,1.0
Q9HB03,138.4,7.0
P56851,18.01,1.0
P54753,25.55,1.0
Q93063,22.28,1.0
O43731,101.83,5.0
Q9BVV8,37.04,2.0
Q8WVX9,46.21,1.0
Q6V0I7,15.86,1.0
Q9UBR2,17.79,1.0
P51636,27.38,1.0
A0A1B0GVG4,22.84,1.0
Q8WUD6,175.25,8.0
P01732,32.14,1.0
Q5ZPR3,27.65,1.0
Q15762,22.94,1.0
Q96DZ9,87.04,4.0
P51679,161.39,7.0
Q6PI25,66.43,3.0
P50416,42.92,2.0
Q96KJ9,20.85,1.0
O95452,89.94,4.0
O95715,20.67,1.0
Q53TN4,134.52,6.0
Q9BQT9,22.59,1.0
Q6UWP2,12.76,1.0
Q96F81,254.61,11.0
Q9UBS4,18.79,1.0
Q8TD84,16.11,1.0
Q92611,22.5,1.0
P54764,29.44,1.0
Q92935,22.01,1.0
Q9H8M9,23.0,1.0
Q8IXL6,20.11,1.0
Q9UBU6,70.33,3.0
P55899,27.61,1.0
Q6DN72,25.01,1.0
Q5VUY2,40.61,1.0
O60488,23.52,1.0
P13945,148.44,7.0
Q86WG3,49.49,2.0
P20020,176.33,7.0
Q6DD88,42.92,2.0
Q8N4F0,22.24,1.0
P55289,23.54,1.0
Q9NYX4,19.3,1.0
P62955,89.23,4.0
Q86XJ0,75.39,3.0
P11912,44.08,2.0
Q9NPF0,44.2,2.0
O95500,93.65,4.0
Q9Y271,154.35,7.0
P05177,21.21,1.0
Q92523,40.92,2.0
Q7Z449,49.42,2.0
Q9BUF7,37.77,2.0
Q96I36,22.36,1.0
Q9Y4D2,110.59,5.0
Q9P2K9,274.28,12.0
Q53GQ0,62.71,3.0
Q02487,39.32,2.0
O60320,86.66,4.0
Q6P0A1,19.3,1.0
P30273,25.79,1.0
O00590,157.08,7.0
Q86UK0,316.13,13.0
P50406,156.66,7.0
Q8NER5,38.41,1.0
Q07075,20.64,1.0
P54793,41.44,2.0
P35670,176.82,7.0
Q6UXE8,24.98,1.0
Q96L58,24.56,1.0
Q9NV96,45.93,2.0
A0ZSE6,22.55,1.0
A8MTB9,19.6,1.0
P16671,45.22,2.0
P29973,75.2,2.0
Q9NY35,91.29,4.0
Q9Y2R0,21.77,1.0
O43174,38.64,2.0
Q4QY38,21.22,1.0
Q9UK85,17.57,1.0
P79483,38.06,1.0
Q9N2K0,82.81,3.0
Q13822,19.08,1.0
Q16394,20.23,1.0
Q969X5,44.4,2.0
Q5JX69,36.28,2.0
Q9HAR2,154.76,7.0
P30411,154.07,7.0
Q9BXU9,22.13,1.0
A0A0K2S4Q6,36.76,1.0
P40259,23.84,1.0
Q99675,23.33,1.0
P27544,125.49,5.0
Q16880,45.63,2.0
P14209,42.21,2.0
Q9NX76,71.53,3.0
P32246,153.36,7.0
P51684,150.91,7.0
Q96FZ5,86.93,4.0
Q2HXU8,23.55,1.0
Q9NYL5,41.93,2.0
Q7Z408,22.5,1.0
P25025,140.71,6.0
A0A1B0GV90,20.34,1.0
P32302,150.84,7.0
Q86UP6,22.37,1.0
P61803,61.31,3.0
Q8IZU8,47.13,2.0
Q9UM22,18.64,1.0
O15197,48.16,2.0
P98172,24.99,1.0
P04626,43.47,2.0
O75477,22.37,1.0
Q96MK3,14.28,1.0
Q8IZF7,137.55,6.0
Q96CP6,23.04,1.0
O76090,90.93,4.0
Q8WXS5,105.56,4.0
Q13740,33.43,1.0
P46092,152.41,7.0
Q96S66,71.22,3.0
P51801,210.86,10.0
P51793,228.12,11.0
P56748,90.51,4.0
P25024,142.74,6.0
Q5JRM2,22.79,1.0
O60931,152.75,7.0
P43146,43.21,2.0
Q6UY11,22.7,1.0
P09172,21.92,1.0
Q9NPA0,24.76,1.0
O94911,308.98,13.0
Q86Y34,156.58,7.0
Q13733,184.69,8.0
Q7Z6A9,33.23,2.0
P55286,34.31,1.0
O00175,19.49,1.0
P13073,19.04,1.0
Q02928,41.93,2.0
Q8WUS8,42.75,2.0
Q5T1A1,143.53,6.0
P22413,19.17,1.0
Q9UJA9,34.0,1.0
P29322,35.36,1.0
P01133,22.4,1.0
P33947,108.33,4.0
Q5JX71,37.47,2.0
A6NFA0,21.37,1.0
P29275,157.92,7.0
Q8TDN7,130.25,7.0
Q9BQE5,60.09,3.0
Q4VNC0,212.87,8.0
P30203,22.75,1.0
P27701,91.33,4.0
P29016,22.74,1.0
P15391,24.79,1.0
Q9HD87,16.53,1.0
Q6UWU4,22.03,1.0
Q5VV42,19.82,1.0
Q9NRB3,21.07,1.0
Q92478,16.05,1.0
Q8N5K1,20.87,1.0
Q9UHP7,22.72,1.0
Q9BZ76,22.88,1.0
Q7Z4B0,22.36,1.0
P09669,19.38,1.0
P21964,23.13,1.0
P10635,37.73,1.0
Q7KZN9,160.53,8.0
P60606,21.72,1.0
O95727,22.77,1.0
P81534,22.1,1.0
Q6ZN68,135.11,4.0
A4D2H0,21.6,1.0
Q08345,29.92,1.0
Q0P6D2,22.04,1.0
Q9NXW2,25.42,1.0
P48664,185.31,8.0
Q14507,21.12,1.0
Q9H6B9,27.97,1.0
P08913,157.88,7.0
P17405,24.56,1.0
P07307,20.98,1.0
Q9H7F0,225.29,10.0
O15155,20.09,1.0
Q9NR16,43.45,2.0
O75309,22.22,1.0
Q8IXH8,37.09,1.0
O14569,129.12,6.0
Q86V35,21.73,1.0
P21730,156.86,7.0
P13501,17.72,1.0
O43570,23.68,1.0
Q4KMG0,24.42,1.0
P28907,21.71,1.0
Q5W0N0,22.56,1.0
Q8N6G5,20.22,1.0
P06127,32.95,1.0
Q99467,25.15,1.0
P34972,156.81,7.0
Q8NC01,22.85,1.0
Q6UXG3,22.8,1.0
Q96JP9,24.23,1.0
Q99788,155.63,7.0
O75398,16.94,1.0
Q96Q80,95.72,4.0
Q8N4W6,145.34,7.0
P43003,210.39,10.0
O75355,45.98,2.0
P15502,294.85,3.0
Q6ZNB7,107.14,2.0
Q70Z44,92.63,4.0
Q9HBW9,155.57,7.0
Q9H2C2,83.43,3.0
Q01814,183.13,8.0
Q16602,170.22,8.0
A4D256,34.7,1.0
Q13936,489.35,21.0
Q8WV48,36.84,2.0
O14735,84.37,4.0
Q8NCG5,19.77,1.0
Q9P126,22.88,1.0
O14493,91.53,4.0
O95471,90.16,4.0
P51798,243.09,11.0
A6NIL9,22.61,1.0
Q5VUD6,21.68,1.0
Q9UBS3,16.75,1.0
O75396,21.63,1.0
P31645,265.19,12.0
Q9BRY0,165.17,8.0
Q9C0K1,151.52,7.0
Q99624,230.02,10.0
P13521,20.72,1.0
Q9BVH7,20.97,1.0
Q7Z3B0,22.78,1.0
Q96RL6,22.91,1.0
Q3KNW5,183.99,8.0
Q96GR4,88.13,4.0
O15269,36.48,2.0
P40200,22.1,1.0
O43557,25.57,1.0
Q5SRD1,44.53,2.0
P57088,66.62,3.0
O60830,52.7,1.0
Q9UPZ6,34.98,1.0
Q6XPS3,69.87,3.0
Q6PIZ9,22.69,1.0
Q92536,256.5,12.0
Q6N022,22.74,1.0
Q6ZVK1,89.77,4.0
Q9NVA4,140.1,6.0
Q9NZ01,92.47,4.0
Q86SS6,22.44,1.0
Q969N4,151.45,7.0
Q7Z410,21.66,1.0
Q8WZ71,44.7,2.0
Q9NV12,89.8,4.0
O95859,91.63,4.0
O14657,23.72,1.0
O75509,32.92,1.0
Q9BV40,22.73,1.0
Q13488,177.84,8.0
Q8WVZ1,91.22,4.0
Q9H1Z9,79.95,3.0
Q9P2K2,20.19,1.0
P30530,23.96,1.0
Q86WB7,238.03,12.0
Q9BSR8,101.38,5.0
Q8N966,97.61,4.0
Q6XR72,129.57,6.0
Q02223,22.81,1.0
Q9Y6Q6,28.36,1.0
Q9BY10,234.71,11.0
Q9UI54,20.11,1.0
Q8N8F6,96.35,4.0
Q8NEW0,129.28,6.0
Q8IZN3,98.08,4.0
Q9UL54,85.28,4.0
Q03518,158.79,7.0
Q9BQS2,21.47,1.0
Q9NYK1,34.06,1.0
Q9Y6G1,63.39,3.0
Q53FP2,73.81,3.0
Q969S6,88.03,4.0
Q9BSA9,215.98,9.0
Q8IY95,88.74,4.0
Q96Q45,88.69,4.0
A6NDV4,135.18,7.0
P37173,19.89,1.0
P34981,151.98,7.0
Q96RJ3,22.66,1.0
A6NH52,77.92,4.0
P62079,90.21,4.0
Q8TCW7,22.84,1.0
Q8WTX9,92.95,4.0
Q5VX71,23.6,1.0
Q6UDR6,16.42,1.0
Q9HAW7,37.58,1.0
O75795,23.81,1.0
Q9P1W8,18.27,1.0
Q9H7V2,45.82,2.0
P0DKB5,22.61,1.0
Q9Y210,144.87,6.0
Q9HCF6,156.32,7.0
Q9BZ97,21.89,1.0
Q9NQE7,25.56,1.0
P06133,25.68,1.0
Q9BZM6,18.75,1.0
O94933,40.67,2.0
A0A1B0GVQ0,22.71,1.0
Q9UQF0,60.55,1.0
Q9BRV3,132.94,6.0
Q99726,108.34,4.0
Q6J9G0,23.25,1.0
Q9Y6M5,125.45,6.0
Q9BRI3,109.85,4.0
P27338,20.38,1.0
O94823,197.7,9.0
P20648,169.49,8.0
Q5VU97,41.3,2.0
Q3KPI0,26.99,1.0
Q08722,121.94,6.0
Q9UKJ5,19.27,1.0
Q9NS84,20.46,1.0
Q9NY25,22.78,1.0
Q6ZS10,22.78,1.0
Q8NET6,17.82,1.0
Q7LFX5,21.22,1.0
P24903,18.8,1.0
P51589,30.72,2.0
Q9P1W3,223.9,10.0
P35212,84.79,3.0
P78310,23.05,1.0
P52569,301.08,14.0
Q9H4G1,21.52,1.0
Q8WY07,304.24,14.0
O75907,186.53,9.0
Q96GE9,35.3,2.0
Q6ZMB0,15.85,1.0
Q8WY22,87.34,4.0
Q13145,28.85,1.0
Q8WZ55,40.37,2.0
Q9P0X4,430.03,17.0
Q13634,23.66,1.0
P55291,32.78,1.0
Q9HCU4,152.06,7.0
Q9H305,18.91,1.0
Q92903,157.11,7.0
P21926,91.38,4.0
Q86X52,21.26,1.0
Q9HBB8,22.56,1.0
Q6EIG7,23.31,1.0
Q8WTT0,22.67,1.0
P78357,23.7,1.0
O95406,67.08,3.0
A6NM45,87.49,4.0
O95377,87.82,4.0
Q8IZN7,20.52,1.0
A4FU28,21.76,1.0
P24310,21.38,1.0
Q8IX94,21.6,1.0
P16410,47.23,2.0
O60888,22.22,1.0
Q8NCG7,94.17,4.0
Q96KC8,28.35,1.0
Q9H3Z4,17.45,1.0
Q9ULC5,23.54,1.0
Q86SQ6,153.15,7.0
P05141,77.49,3.0
Q9Y679,29.97,1.0
Q96KV6,40.65,2.0
Q9BYG0,21.68,1.0
Q06432,90.39,4.0
Q9ULB5,26.45,1.0
Q8N3J6,25.57,1.0
Q8WXS4,90.44,4.0
Q8N111,22.53,1.0
P19397,91.21,4.0
Q13286,201.27,11.0
Q86T13,22.82,1.0
P56856,90.33,4.0
O00501,90.85,4.0
Q8N8Q8,77.13,3.0
Q6GPI1,18.89,1.0
P36382,81.33,4.0
Q9BV23,25.39,1.0
Q8IZY2,248.31,11.0
O00767,104.54,4.0
Q9H2F3,36.12,2.0
O60266,245.04,12.0
P82251,263.59,12.0
Q00973,20.68,1.0
Q6L9W6,21.46,1.0
A8MZ97,22.94,1.0
P27824,22.57,1.0
Q9Y698,90.86,4.0
P28906,22.35,1.0
P17927,28.88,1.0
Q9Y5Q5,24.19,1.0
Q08477,37.73,1.0
Q9HCS2,43.52,2.0
Q86W10,38.2,2.0
P0C2S0,20.9,1.0
Q8NG35,19.62,1.0
Q7Z388,227.45,10.0
P49238,153.39,7.0
Q6ZPD9,229.8,11.0
Q8IWA5,232.22,11.0
Q86YN1,90.02,4.0
P20036,37.26,1.0
Q6UXT9,24.86,1.0
Q8N139,292.34,13.0
P30556,155.32,7.0
Q8N6S5,68.08,3.0
O43827,19.31,1.0
O14983,162.42,7.0
Q96IX5,22.24,1.0
O00238,23.31,1.0
O95992,77.56,3.0
P34810,23.27,1.0
P60033,91.73,4.0
Q96F05,22.76,1.0
P57739,94.38,4.0
Q9Y5I7,90.23,4.0
Q9NZV1,32.05,1.0
Q9P0S2,19.89,1.0
Q96HD1,38.47,2.0
P00395,269.5,12.0
P29033,87.61,4.0
A6NKP2,23.46,1.0
Q8N8Z6,23.0,1.0
Q30KQ1,17.97,1.0
Q6QHC5,79.93,1.0
Q30KQ5,18.5,1.0
Q8IWK6,174.04,8.0
P14415,22.87,1.0
P48201,46.71,2.0
Q9NYM9,20.87,1.0
P32247,154.99,7.0
Q9BXK5,22.89,1.0
Q8N350,28.71,1.0
P00403,46.3,2.0
Q86VU5,27.46,1.0
Q9UJ94,20.91,1.0
Q9Y442,18.93,1.0
P14406,19.48,1.0
Q2PZI1,208.03,10.0
Q96PD2,35.79,1.0
Q9NY37,42.19,2.0
Q6E213,65.54,3.0
P12830,22.83,1.0
O00555,469.97,17.0
Q6UY09,26.94,1.0
P07766,23.75,1.0
Q6ZMG9,103.86,5.0
Q8N5B7,115.17,5.0
P41597,135.26,6.0
Q8TAZ6,80.17,3.0
Q96NU0,22.82,1.0
P0C7M8,21.3,1.0
P35523,239.67,11.0
P56749,90.76,4.0
P08572,19.98,1.0
Q6UWE3,19.8,1.0
Q86XQ3,108.88,5.0
Q9BQA9,22.24,1.0
P49682,151.9,7.0
Q9NQ90,172.95,8.0
P15514,30.04,1.0
Q9Y2G3,193.82,8.0
P46663,155.15,7.0
